Año del censo;Provincia;Código del partido;Partido;EAPS pequeñas (<= 500ha);EAPS grandes (>500 ha);Total EAPS;EAPS en manos de Empresas;EAPS en manos de Personas Humanas;Superficie en manos de Empresas;Superficie en mano de Personas Humanas;Mujeres Residentes (Personas Humanas);Varones Residentes (Personas Humanas);Mujeres Residente (Empresas);Varones Residentes (Empresas);Cantidad de hectáreas implantadas de Cereales;Cantidad de hectáreas implantadas de Oleaginosas;Cantidad de hectáreas implantadas de Forrajeras;Maiz para grano por hectárea;Trigo pan por hectárea;Soja por hectárea;Forrajeras anuales por hectáreas;Forrajeras perennes por hectáreas;Cantidad de hectareas dedicadas a Bosques y montes naturales;Total de HA;HA ocupadas por EAPS pequeñas;HA ocupadas por EAPS grandes;Mujeres Residentes del campo;Varones Residentes del campo;Empleo;Prácticas orgánicasbiodinámicas/agroecológicas;Total Hectáreas;Total Residentes
2018;Buenos Aires;6;Buenos Aires;25563;11181;36744;9072;25433;11657123,2;9554806,7;19372;33226;12163;23641;3880253,4;4510491,6;2665381,4;1558296,6;1486165;3899055;1604875,4;1060391;603344,5;23599665,9;4150111,7;19449553,6;31535;56867;53782;550;23599665,3;88402
2018;Buenos Aires;7;Adolfo Alsina;346;208;554;105;423;252875;207419,9;214;441;129;318;117978,9;54835,3;99031,5;27003,5;68174;31022;74792;24239,5;980;496602,9;78470,9;418132;343;759;597;4;496602,9;1102
2018;Buenos Aires;14;Adolfo Gonzales Chaves;136;150;286;77;204;160513,4;136573,9;72;183;68;161;77474;64575,2;29796;8901;38500;60965;18797;10999;284;334167,3;33207;245268,3;140;344;421;3;278475,3;484
2018;Buenos Aires;21;Alberti;181;26;207;56;134;51717,5;25117,6;27;65;34;56;36735,1;34435;3618;18916,1;15511;34435;1604;2014;165;85818,7;25967,2;34002,5;61;121;215;0;59969,7;182
2018;Buenos Aires;28;Almirante Brown;44;0;44;0;43;400;436,2;78;144;0;0;400;28;4;0;0;28;4;0;0;845,2;401,2;0;78;144;92;7;401,2;222
2018;Buenos Aires;77;Arrecifes;183;50;233;86;136;55643,1;32403;242;256;72;233;37000,8;65302,6;3696,5;17231,3;14656;64863;1144;2552,5;52,5;98489,6;29437,5;58104,1;314;489;449;6;87541,6;803
2018;Buenos Aires;35;Avellaneda;0;0;0;0;3;0;23,5;8;7;0;0;0;0;0;0;0;0;0;0;0;37,6;10,5;0;8;7;11;0;10,5;15
2018;Buenos Aires;42;Ayacucho;454;281;735;200;494;310325;193465,9;289;414;293;524;19693,4;29789,6;59991,8;14301,5;2647;15055;33941,8;26050;65,2;544428,8;89623,1;425467,6;582;938;1076;7;515090,7;1520
2018;Buenos Aires;49;Azul;411;257;668;186;422;246110,4;186907,4;224;396;281;554;64504,5;78887,8;61364,5;23248,5;23208;67878;30663,7;30700,8;229;498389,6;83268,1;398571,4;505;950;959;3;481839,5;1455
2018;Buenos Aires;56;Bahía Blanca;165;100;265;54;204;65205,9;106778,6;175;297;51;95;19377,9;30;34873,5;669;13313;30;30677,5;4196;3568,5;194945,5;31163,5;146104;226;392;371;0;177267,5;618
2018;Buenos Aires;63;Balcarce;264;155;419;179;222;186139,3;80701,4;130;280;187;408;60552,6;71986,8;46035;25241,1;22102;45014;15696,6;30338,4;1086,2;282926,1;51606,9;224897,1;317;688;782;0;276504;1005
2018;Buenos Aires;70;Baradero;138;56;194;71;114;62588,5;26188,7;190;204;113;148;26901;45425,2;4179,5;13000,6;12977;43484;1387,5;2792;377,9;92695,3;19097,8;57705,9;303;352;251;0;76803,7;655
2018;Buenos Aires;84;Benito Juárez;267;237;504;152;329;227541;187001,9;169;356;178;354;55256,6;59038,5;38565,2;10067,5;21317;48095;23685,3;14879,9;1665;444646,1;55095,5;372101,5;347;710;672;11;427197;1057
2018;Buenos Aires;91;Berazategui;279;0;279;4;281;26,7;759,9;386;520;0;0;40,3;60;0;40;0;60;0;0;5;796,6;796,6;0;386;520;128;0;796,6;906
2018;Buenos Aires;98;Berisso;44;0;44;0;46;2542;1235,6;24;36;0;0;0;0;1,25;0;0;0;1,2;0;42,8;3783,6;1316,2;0;24;36;9;8;1316,2;60
2018;Buenos Aires;105;Bolívar;693;178;871;142;675;152209,8;182035;265;538;160;251;45848;74508,2;38404,3;31680,8;4963;62163;21681,2;16723,1;6528,5;371279,4;115952,9;255326,5;425;789;676;6;371279,4;1214
2018;Buenos Aires;112;Bragado;212;78;290;102;176;88111,3;56537,4;90;138;86;127;45227,6;59096,3;8237,2;26452,9;15104;59096;2695,5;5541,7;324,1;152856,9;35574;93354,7;176;265;349;3;128928,7;441
2018;Buenos Aires;119;Brandsen;148;36;184;39;133;29734;28867,4;147;214;130;173;120;190;5282;30;90;190;3443;1839;118;66522,4;26318,4;40204;277;387;775;0;66522,4;664
2018;Buenos Aires;126;Campana;124;16;140;30;107;27880,5;14916,6;187;257;102;160;3181,8;3532,8;791,5;1322;1859;3532;153;638,5;77,3;44313,1;11629,5;28562,5;289;417;165;5;40192;706
2018;Buenos Aires;134;Cañuelas;157;37;194;56;122;30542,8;32570;160;198;135;174;3041,5;3857;6970,5;2207;830,5;3857;3621,9;3348,6;208;76776,8;27735,3;35523,5;295;372;407;0;63258,8;667
2018;Buenos Aires;140;Capitán Sarmiento;128;15;143;50;87;20827,8;12766,1;44;66;59;141;14337,5;23419,6;5158;7637;6081;23419;1722;3436;207;36122,7;16420;16299,6;103;207;275;0;32719,6;310
2018;Buenos Aires;147;Carlos Casares;184;57;241;62;169;96342,3;41891,7;45;92;110;216;31733,7;44556,2;21780;16265,2;11934;42560;9973;11807;614;149120;33754;78109;155;308;710;0;111863;463
2018;Buenos Aires;154;Carlos Tejedor;284;125;409;95;282;98641;92015,5;76;222;73;217;38287;67758,5;26368,5;21615,5;11684;64024;10355;16013,5;37;225586,5;54678;160157,5;149;439;491;0;214835,5;588
2018;Buenos Aires;161;Carmen de Areco;61;43;104;50;50;46401,1;19014;28;55;76;159;12579,2;26553,7;5324,9;8604;3330;26553;2157,5;3167,4;5332,8;71119,1;12723;52033,4;104;214;384;0;64756,4;318
2018;Buenos Aires;168;Castelli;59;73;132;50;76;132060,7;42481,6;35;113;110;243;3889,5;5741;13566,4;3293,5;596;4264;7334,5;6231,9;57;187488,3;13455,8;128728,9;145;356;274;0;142184,7;501
2018;Buenos Aires;210;Chacabuco;350;66;416;131;247;83612,5;53447,4;112;184;38;129;43436,1;75371,1;8902,6;23631,1;18970;75274;3423,1;5479,5;344,7;149833,9;51800,9;83280;150;313;369;0;135080,9;463
2018;Buenos Aires;218;Chascomús;334;154;488;131;336;121547,9;109883,4;206;420;143;277;13060;14442,5;16544,5;8596,3;3259;12884;7730;8814,5;500,8;250420,5;65828,2;171429,1;349;697;541;0;237257,3;1046
2018;Buenos Aires;224;Chivilcoy;332;57;389;91;267;53148,1;57232,1;153;333;31;65;38484,7;60034,2;5129;21541,8;15151;60009;1937,2;3191,8;818,5;119529,7;48154,1;62176,4;184;398;317;8;110330,5;582
2018;Buenos Aires;175;Colón;216;29;245;72;163;35240,4;28050,2;56;95;25;41;22436,7;37396,1;2742;12597,7;9385;37396;539;2203;111,1;68748,9;30429,2;36133;81;136;139;0;66562,2;217
2018;Buenos Aires;182;Coronel de Marina Leonardo Rosales;79;35;114;22;86;37206;33200,5;54;111;23;53;26970;0;21336;1451;11214;0;13290;8046;306;85493,5;12105,5;51183;77;164;165;6;63288,5;241
2018;Buenos Aires;189;Coronel Dorrego;162;197;359;106;234;245228,6;231393,1;185;584;52;191;227055,2;66711;65992,3;43264,5;71004;48597;58521,3;7471;122;512587,7;43544,6;469015,1;237;775;425;0;512559,7;1012
2018;Buenos Aires;196;Coronel Pringles;292;213;505;116;368;205587,2;224948,7;74;413;51;177;77626,7;48781,7;60813,3;10424,7;50136;33752;53505,3;7308;106,2;458520,8;66794,7;383706;125;590;534;0;450500,7;715
2018;Buenos Aires;203;Coronel Suárez;454;257;711;168;501;236473,3;224799,9;196;582;220;424;141403,3;105886,9;84345,2;25518,4;84355;79794;51658,5;32686,7;400;516910,8;90811;400906,7;416;1006;856;10;491717,7;1422
2018;Buenos Aires;231;Daireaux;259;142;401;156;230;217247;87086,8;93;165;262;499;44477,6;71764,6;45757,4;29304,6;9415;65059;19495;26262,4;1141;338111,1;47530,8;236392,3;355;664;660;0;283923,1;1019
2018;Buenos Aires;238;Dolores;100;57;157;33;124;35213;98606,5;81;123;17;48;500;6;5020;500;0;6;3665;1355;600;138152,5;26030,5;104877;98;171;169;0;130907,5;269
2018;Buenos Aires;245;Ensenada;6;0;6;0;14;0;641,3;9;12;0;0;0;0;0;0;0;0;0;0;0;641,3;119,3;0;9;12;11;0;119,3;21
2018;Buenos Aires;252;Escobar;32;0;32;0;35;978,2;2542,7;18;59;1;1;0;175;1083,7;0;0;175;99;984,7;463;3520,9;1982,2;0;19;60;37;0;1982,2;79
2018;Buenos Aires;260;Esteban Echeverría;23;0;23;0;27;0;425;37;63;3;4;3;0;77;2;0;0;0;77;36,5;429;131;0;40;67;18;12;131;107
2018;Buenos Aires;266;Exaltación de la Cruz;121;18;139;46;89;25114,3;18341,4;117;180;145;265;13138,4;18162,4;5610,5;7745;4378;17735;2245;3365,5;316;45317,7;13103,6;20166,6;262;445;360;0;33270,2;707
2018;Buenos Aires;270;Ezeiza;3;0;3;4;0;2967;5;4;6;1;4;60;352;60;0;60;352;60;0;492;3060;11;0;5;10;14;0;11;15
2018;Buenos Aires;274;Florencio Varela;427;0;427;3;415;71,5;1310,5;787;983;10;6;176;200;0,5;26;150;200;0;0,5;0,8;1397;1397;0;797;989;282;13;1397;1786
2018;Buenos Aires;277;Florentino Ameghino;62;70;132;51;71;97458,6;32176,3;57;117;68;177;27018,5;40609,5;16601,8;17895;8777;36850;8213,8;8388;118;154321,9;12527,4;125021,5;125;294;348;0;137548,9;419
2018;Buenos Aires;280;General Alvarado;76;58;134;55;56;81481,5;31430,2;49;98;144;185;37853,4;53607,1;9538,9;12509,4;18301;32459;2421,4;7117,5;374;139532,2;11890,2;104665;193;283;288;3;116555,2;476
2018;Buenos Aires;287;General Alvear;161;119;280;102;163;180693,5;63591;136;238;212;323;14481;14635,5;29993;12950;1100;11338;15555;14323;613,8;273017,7;34920;219259,2;348;561;401;3;254179,2;909
2018;Buenos Aires;294;General Arenales;234;52;286;74;202;45276,7;38890,1;29;65;5;16;29539,1;51105,2;2089,5;18740,7;10239;51105;287;1802,5;9,5;92367,8;35161,8;49433,5;34;81;126;0;84595,3;115
2018;Buenos Aires;301;General Belgrano;101;60;161;54;104;86679,7;45235,2;91;127;122;218;13689,6;20347,1;8871;9901,4;2963;18675;2950;5921;67;140910,1;17652,8;115513,8;213;345;253;0;133166,6;558
2018;Buenos Aires;308;General Guido;207;102;309;59;249;82355,1;129067,4;119;275;111;129;3852;3697;5835,5;2448;791;2937;5217,5;618;67;215435,2;49306,3;117975,5;230;404;335;0;167281,8;634
2018;Buenos Aires;315;General Juan Madariaga;152;100;252;67;174;119806;88272,3;117;197;86;197;11889,6;14810,8;18678;8549,5;3297;8882;6606;12072;460;257437;31669,3;186661,1;203;394;307;0;218330,4;597
2018;Buenos Aires;322;General La Madrid;173;187;360;92;248;213184;163870,8;132;281;179;447;51825,2;44686,7;83489,3;10856,2;27829;25646;39966;43523,3;46;410420,2;41613,4;355562,8;311;728;599;0;397176,2;1039
2018;Buenos Aires;329;General Las Heras;189;25;214;52;149;21275,5;29035,6;139;209;119;170;2010,5;1667,5;6531,5;1368,5;566;1667;4181,5;2350;149;53219;31610;21609;258;379;351;0;53219;637
2018;Buenos Aires;336;General Lavalle;121;104;225;47;176;99302,1;118712,1;140;197;60;126;627;800;6028,9;627;0;120;3293;2735,9;646,2;232955,2;27703,1;181406,8;200;323;233;0;209109,9;523
2018;Buenos Aires;343;General Paz;260;33;293;64;224;29123;39542,5;229;255;83;149;2301;2986,7;11706;1445;730;2924;7586;4120;54;74290,5;40428,5;24298;312;404;303;0;64726,5;716
2018;Buenos Aires;351;General Pinto;134;71;205;81;106;99183;50357,5;62;110;67;164;38047,5;57491;16145;21289,5;15056;55565;10153,5;5991,5;199,5;190779,5;28316,5;101868;129;274;466;0;130184,5;403
2018;Buenos Aires;357;General Pueyrredón;275;35;310;89;218;53062,1;12223,2;463;719;317;590;20213,8;26958,5;7492,5;8100,5;9064;18602;3616;3876,5;529,2;71921,5;18407,4;40758,7;780;1309;902;6;59166,1;2089
2018;Buenos Aires;364;General Rodríguez;67;7;74;11;60;3702;8181,4;89;191;42;53;1685;2622;1590,4;819;838;2622;204,5;1385,9;0;12825,4;5253,4;5923;131;244;178;0;11176,4;375
2018;Buenos Aires;371;General San Martín;0;0;0;0;0;0;0;0;0;0;0;0;0;0;0;0;9;0;0;0;0;0;0;0;0;0;0;0;0
2018;Buenos Aires;385;General Viamonte;165;85;250;76;155;70778;59263,9;71;105;48;93;28692,4;54520;8561;17718,4;9041;54520;5227;3334;1031,5;141960,2;28814,2;107757;119;198;357;0;136571,2;317
2018;Buenos Aires;392;General Villegas;310;235;545;180;325;288790,1;142672,5;115;308;214;448;97797,7;191851,9;44875,1;69018,6;25009;189412;16411,6;28463,5;575,5;506935,2;64706,7;369407,3;329;756;1033;3;434114;1085
2018;Buenos Aires;399;Guaminí;362;204;566;144;390;210178,5;193257;183;327;219;393;66420;87523,8;98207;33169,5;23672;65980;51234;46973;281;443383,5;71481,5;352555;402;720;862;21;424036,5;1122
2018;Buenos Aires;406;Hipólito Yrigoyen;120;46;166;45;115;70014;41239,9;48;51;60;187;32395;47216,1;9439;18465,6;8730;43634;6631;2808;439;117190,4;19975,9;68785,5;108;238;238;0;88761,4;346
2018;Buenos Aires;408;Hurlingham;0;0;0;0;0;0,2;0;0;1;0;0;0;0;0;0;0;0;0;0;3;5,2;5,2;0;0;1;4;0;5,2;1
2018;Buenos Aires;410;Ituzaingó;0;0;0;0;0;0;0,2;0;0;0;0;0;0;0;0;0;0;0;0;0;0,6;0,6;0;0;0;2;0;0,6;0
2018;Buenos Aires;412;José C, Paz;6;0;6;0;5;2,1;6,8;2;12;0;1;0;0;0;0;0;0;0;0;0,5;8,9;8,9;0;2;13;3;0;8,9;15
2018;Buenos Aires;413;Junín;407;71;478;109;334;63879;55865,4;478;411;44;113;38701,1;74998,2;8389;20491,3;15600;74998;3995;4394;440,7;148080,4;58615,3;77243,1;522;524;480;0;135858,4;1046
2018;Buenos Aires;420;La Costa;9;0;9;0;11;0;3213,5;3;4;0;0;40;0;0;40;0;0;0;0;0;3612,5;2334,5;0;3;4;5;0;2334,5;7
2018;Buenos Aires;427;La Matanza;9;0;9;0;10;1588;1070,5;12;26;0;0;386;1229,7;340;80;226;1229;70;270;8;2912,5;1182,5;0;12;26;31;0;1182,5;38
2018;Buenos Aires;434;Lanús;0;0;0;0;0;0;0;0;0;0;0;0;0;0;0;0;9;0;0;0;0;0;0;0;0;0;0;0;0
2018;Buenos Aires;441;La Plata;1643;13;1656;69;1561;10259,4;20758;3014;3835;130;535;535;448;2697,1;256;35;448;1747,5;949,6;123,7;32241,3;17980;10835,2;3144;4370;3387;30;28815,2;7514
2018;Buenos Aires;448;Laprida;164;167;331;88;209;145652;129435;326;482;155;235;14547,3;9323;29918,8;2669,9;8394;8042;19072,3;10846,5;253;328239,8;33059,9;282559,9;481;717;423;0;315619,8;1198
2018;Buenos Aires;455;Las Flores;280;106;386;95;278;132857,2;97612,3;172;347;152;227;11376,9;16285;17018,4;8956,5;1963;11051;10147,5;6870,9;939,7;245587,4;48599,8;196987,6;324;574;362;0;245587,4;898
2018;Buenos Aires;462;Leandro N, Alem;122;56;178;50;123;60557,5;49075,4;109;216;39;98;28833,7;48651,3;4163,5;19226,7;9255;48651;2997;1166,5;162;116204,9;21557,7;63963,2;148;314;281;0;85520,9;462
2018;Buenos Aires;466;Lezama;193;40;233;54;175;33547;36578;51;155;12;68;6212,5;7277;7618;4113,5;1944;5675;3313;4305;200;74539,5;29055;35078,5;63;223;177;0;64133,5;286
2018;Buenos Aires;469;Lincoln;444;205;649;197;418;313299,9;134891,4;225;448;287;507;76768,5;115473,6;33585,8;44163,5;27559;112555;17040,8;16545;2053;510767,2;69757,8;421930,4;512;955;1220;29;491688,2;1467
2018;Buenos Aires;476;Lobería;235;181;416;161;216;181908,6;99309,6;101;294;170;345;117424,6;132596,8;38019;33807,3;37773;88199;14222;23797;1109,5;342173,5;48987,5;252740,9;271;639;775;0;301728,4;910
2018;Buenos Aires;483;Lobos;309;60;369;100;247;55054,8;49533,9;188;379;206;341;24723,5;28711;10823;15755,7;7022;27431;7927;2896;443,5;119872,8;49490,9;52759,8;394;720;618;0;102250,7;1114
2018;Buenos Aires;490;Lomas de Zamora;0;0;0;0;0;0;322;2;12;0;0;0;0;128;0;0;0;87,5;40,5;90;1282;0;0;2;12;16;0;0;14
2018;Buenos Aires;497;Luján;133;29;162;58;90;26046,2;8784,9;112;166;128;168;9224,4;14723,4;3215;5950,5;2110;14652;1607;1608;609,3;43605,1;13202,9;26505,2;240;334;205;3;39708,1;574
2018;Buenos Aires;505;Magdalena;261;60;321;70;240;60489;63310,7;177;275;87;139;2755;1299;9425,2;2392;108;1299;6865,2;2560;1125,3;132388,7;45773,7;70238,5;264;414;366;0;116012,2;678
2018;Buenos Aires;511;Maipú;119;121;240;57;169;95318,6;106556;184;295;46;143;6007;6633,5;8643,5;4234;1286;4038;6696,5;1947;213;218286,1;26683,2;183800,9;230;438;439;0;210484,1;668
2018;Buenos Aires;515;Malvinas Argentinas;14;0;14;0;13;1,4;12,4;18;28;0;0;0;0;0;0;0;0;0;0;0;13,9;13,9;0;18;28;23;0;13,9;46
2018;Buenos Aires;518;Mar Chiquita;187;129;316;114;182;141296,5;77923,4;128;224;170;311;15437,9;17439;47415,6;11773,4;3041;9112;13592;33823,6;631;247426,9;37302,5;194965,4;298;535;715;0;232267,9;833
2018;Buenos Aires;525;Marcos Paz;148;14;162;22;127;5411,2;15956,6;165;251;103;141;3973,9;3943,3;3944,9;1456,3;1769;3936;2696;1248,9;42;25134,9;13422,7;11711,8;268;392;238;3;25134,5;660
2018;Buenos Aires;532;Mercedes;208;38;246;58;168;45497,1;34547,8;151;244;88;190;10350,1;14585,9;9943,9;6219,1;3666;14585;3452;6491,9;544,3;82116,1;25872,7;40946,4;239;434;358;5;66819,1;673
2018;Buenos Aires;539;Merlo;45;0;45;6;39;102,4;764,8;37;211;0;9;542,5;884,6;288;81,5;210;8846;120;168;4,5;1895,6;387,6;0;37;220;122;0;387,6;257
2018;Buenos Aires;547;Monte;139;54;193;55;130;72045,7;35833,4;123;159;176;218;20054,2;25174,3;13041,5;13164,3;6399;23343;7778,9;5262,6;209;130429,1;24953,5;69133,6;299;377;164;0;94087,1;676
2018;Buenos Aires;553;Monte Hermoso;0;0;0;0;0;13490;688;4;3;10;9;0;0;836;0;0;0;816;20;11,5;14178;0;688;14;12;16;0;688;26
2018;Buenos Aires;560;Moreno;52;0;52;3;44;54;210,8;51;73;5;4;85;83;6;2;83;83;0;6;0;1084,5;197,5;0;56;77;155;0;197,5;133
2018;Buenos Aires;568;Morón;0;0;0;0;0;1,5;0;0;0;0;0;0;0;0;0;0;0;0;0;0;1,5;1,5;0;0;0;0;0;1,5;0
2018;Buenos Aires;574;Navarro;205;69;274;78;187;59158,6;54326,2;305;367;97;169;19114,6;30743,2;19199,3;10669,1;7910;30743;10004;9195,3;224,1;120391,3;38097,2;77191,1;402;536;564;0;115288,3;938
2018;Buenos Aires;581;Necochea;196;163;359;102;234;154546,6;132747,3;237;430;160;289;116782;138412,3;44793;25837,4;40557;93747;19157,1;25635,9;343,6;342899,5;41639,2;267149,3;397;719;705;25;308788,5;1116
2018;Buenos Aires;588;9 de julio;508;166;674;208;422;163505,3;129722,7;331;578;165;433;67955,1;106725,4;34210,5;36344,8;28218;105413;14565,5;19645;805,5;320229,2;88425,3;220829,8;496;1011;951;10;309255,1;1507
2018;Buenos Aires;595;Olavarría;372;272;644;184;428;369238,8;228411;288;428;298;587;36562;48402,4;73193,4;11711;15561;39638;40641;32552,4;472;662757,8;80172,3;558720,4;586;1015;858;0;638892,7;1601
2018;Buenos Aires;602;Patagones;270;485;755;90;642;326544;819042,7;173;544;42;169;51294,1;4584,6;141295;3403;31950;30;125866;15429;312390,2;1173838,7;70815,5;1103023,2;215;713;535;6;1173838,7;928
2018;Buenos Aires;609;Pehuajó;302;131;433;128;275;226912,3;86445,3;96;206;178;514;87171,4;117938,7;20294,7;45199,5;32945;111041;11748;8546,7;298;393073,7;56850,3;296026,2;274;720;858;6;352876,5;994
2018;Buenos Aires;616;Pellegrini;132;52;184;50;131;73022;55389;65;121;82;168;33817,4;59845,9;23151;26391,5;3656;40818;11841;11310;379;143079,4;25206;82602;147;289;372;5;107808;436
2018;Buenos Aires;623;Pergamino;506;105;611;184;404;110717,5;87984,2;124;317;192;275;60506,7;131512,2;12281,2;27820,2;26740;131512;3431,6;8849,6;436,5;206100,2;79012,8;117419,2;316;592;854;5;196432;908
2018;Buenos Aires;630;Pila;121;90;211;54;142;119857,8;66444,6;300;595;139;222;7009,5;4861;6355,9;5892,5;1048;3932;4253,5;2102,4;79;242441,4;22612,5;219818,9;439;817;541;0;242431,4;1256
2018;Buenos Aires;638;Pilar;85;0;85;17;69;640,5;1639,7;88;157;9;59;115;443;37;80;35;443;0;37;48;2282,3;1447,3;0;97;216;243;0;1447,3;313
2018;Buenos Aires;644;Pinamar;0;0;0;0;0;0;0;0;0;0;0;0;0;0;0;0;9;0;0;0;0;0;0;0;0;0;0;0;0
2018;Buenos Aires;648;Presidente Perón;20;0;20;0;21;6;978,9;26;40;0;0;0;0;65;0;0;0;30;35;0;984,9;628,9;0;26;40;12;0;628,9;66
2018;Buenos Aires;651;Puán;411;276;687;101;566;187269,5;330562,7;284;477;56;138;85476;4621;96626,2;3561;46496;2279;83957,7;12668,5;43386,5;539090,2;105578,7;397101,5;340;615;518;4;502680,2;955
2018;Buenos Aires;655;Punta Indio;122;89;211;35;147;33367,4;84472,7;99;218;40;84;78;0;3346;78;0;0;2413;933;1451,2;146942,7;23794,1;108060,4;139;302;225;0;131854,5;441
2018;Buenos Aires;658;Quilmes;0;0;0;0;3;0;92;4;7;3;1;0;0;0;0;0;0;0;0;5;96,5;42,5;0;7;8;4;0;42,5;15
2018;Buenos Aires;665;Ramallo;146;32;178;45;124;33599,2;26439,9;31;110;8;61;19780,9;50320,2;1200;8883,9;9434;50212;324;876;7;64709,1;21899,7;32791,4;39;171;242;3;54691,1;210
2018;Buenos Aires;672;Rauch;429;192;621;139;451;158852,9;165426,2;220;492;162;253;7235;8243,5;23400,5;5349,5;923;4471;19013,5;4387;602,5;364027,6;81954,3;269522,2;382;745;645;35;351476,5;1127
2018;Buenos Aires;679;Rivadavia;146;148;294;112;166;183662,5;97245,5;90;238;159;333;81376,7;129631,3;32131;55791,6;20032;119427;17978;14153;86;313383;32662,5;252159,5;249;571;733;0;284822;820
2018;Buenos Aires;686;Rojas;327;87;414;83;305;89745,7;65324,9;116;195;103;161;58145,1;89188,8;10549,5;33371,4;22358;88859;4307;6242,5;244,8;176632,7;48658,1;104788,6;219;356;513;0;153446,7;575
2018;Buenos Aires;693;Roque Pérez;186;48;234;46;176;55920,6;42533,1;106;178;73;121;14540,4;24824,8;4988,6;9667,9;4609;23584;1810,2;3178,4;539,8;108459,5;26180;65548,4;179;299;491;0;91728,4;478
2018;Buenos Aires;700;Saavedra;289;167;456;80;351;106177,5;156102,8;170;277;73;152;69445;24452;74022,8;10333;38116;17715;61643,8;12379;664;292239,8;69384,4;204652,4;243;429;507;15;274036,8;672
2018;Buenos Aires;707;Saladillo;489;75;564;82;451;65707,8;78300,3;244;388;140;220;19665,9;31755,4;14197,5;16736,9;2687;30752;8240,5;5957;1379,8;170983,2;63748,1;107235;384;608;429;11;170983,1;992
2018;Buenos Aires;721;Salliqueló;116;26;142;24;106;41529;26585,5;8;56;22;52;11426;26852,5;18680;9621;801;18540;11926;6754;137;73988,5;21013,5;37677;30;108;179;0;58690,5;138
2018;Buenos Aires;714;Salto;280;64;344;95;232;59348,2;49409,2;72;177;35;72;40480,7;76219,5;3511;19046,2;19758;76107;2052;1459;86,5;115353,2;34971,1;74882;107;249;358;3;109853,1;356
2018;Buenos Aires;728;San Andrés de Giles;108;26;134;52;78;33319,3;14231,6;38;81;53;91;24135,7;39244,2;6615,1;11424,7;11404;39011;982,5;5632,6;179,5;47901,3;14603,4;29811,7;91;172;185;0;44415,1;263
2018;Buenos Aires;735;San Antonio de Areco;88;45;133;53;69;34477,2;29944,4;43;74;107;244;29504,5;38795,7;5843;16116,3;12630;38311;1544;4299;34;77299,4;16001,7;55253,5;150;318;409;0;71255,2;468
2018;Buenos Aires;742;San Cayetano;147;131;278;61;190;104235,3;120507,7;92;263;48;121;79199,8;74802,8;26378,1;14392,5;30379;51185;12041;14337,1;340;246664,6;33806,5;191370,8;140;384;349;0;225177,3;524
2018;Buenos Aires;749;San Fernando;57;10;67;4;50;8805;9672;14;77;0;0;0;0;140;0;0;0;140;0;1662,5;25454;7783;6081;14;77;6;0;13864;91
2018;Buenos Aires;756;San Isidro;0;0;0;0;0;0;0;0;0;0;0;0;0;0;0;0;9;0;0;0;0;0;0;0;0;0;0;0;0
2018;Buenos Aires;760;San Miguel;0;0;0;0;0;0;0,1;1;1;0;0;0;0;0;0;0;0;0;0;0;0,1;0,1;0;1;1;0;0;0,1;2
2018;Buenos Aires;763;San Nicolás;154;23;177;31;142;12777;27847,2;50;184;11;17;10890;30630,7;799;3915;5525;30615;141;658;28;44189,2;23911,5;18701,7;61;201;59;0;42613,2;262
2018;Buenos Aires;770;San Pedro;329;42;371;113;255;54950,1;30615,1;189;409;143;197;25033;49755,3;1358,3;12213,7;11767;49246;1121,5;236,8;190,7;92566;35451,6;47345,8;332;606;902;6;82797,4;938
2018;Buenos Aires;778;San Vicente;197;18;215;31;163;13082,5;25239,1;138;133;27;43;720;335;1797,7;575;145;335;1163,7;634;0;40965,6;24379,6;14086;165;176;114;0;38465,6;341
2018;Buenos Aires;784;Suipacha;105;41;146;46;93;87411;26725,2;78;134;173;265;9394;19042,8;9644;5139;3809;19042;4914;4730;68;118290,2;16869,2;50711;251;399;291;0;67580,2;650
2018;Buenos Aires;791;Tandil;298;181;479;173;257;188923,2;97664,9;222;387;407;621;104981,5;121192,9;50927,3;38040,9;22551;90159;31802,7;19124,6;1259,2;321930,1;57010,9;256497,2;629;1008;1201;10;313508,1;1637
2018;Buenos Aires;798;Tapalqué;147;143;290;83;191;169139,5;142995,8;108;227;123;296;9259,5;10791,5;23532,5;6908,5;962;7589;10912,5;12620;380,5;353714;33121,6;295064,4;231;523;490;0;328186;754
2018;Buenos Aires;805;Tigre;45;0;45;3;19;30;402,6;16;92;0;0;0;0;0;0;0;0;0;0;48,3;2086,6;2086,6;0;16;92;2;0;2086,6;108
2018;Buenos Aires;812;Tordillo;66;29;95;16;76;61621,8;27310;21;75;78;108;0;0;1241;0;0;0;860;381;0;100540,8;12310;66151;99;183;112;0;78461;282
2018;Buenos Aires;819;Tornquist;212;198;410;95;297;154283,7;184360,5;221;381;144;185;50557;4523;89039,5;6492;23652;1808;75150,5;13889;1676;374680,2;57539,1;282660,1;365;566;533;13;340199,2;931
2018;Buenos Aires;826;Trenque Lauquen;179;161;340;140;165;275574,4;94618,5;169;363;473;967;89972,4;128400,9;86398,5;54704;25316;103980;46680;39718,5;167,4;430227,1;44478;354748,1;642;1330;1248;0;399226,1;1972
2018;Buenos Aires;833;Tres Arroyos;282;269;551;171;349;215389,7;231877,3;195;376;72;170;201099,6;170290,6;64099,6;39078,5;76115;128099;34230,5;29869,1;1988,6;477294;67574,1;409709,8;267;546;625;13;477283,9;813
2018;Buenos Aires;840;Tres de Febrero;0;0;0;0;0;0;353;0;2;0;0;0;0;0;0;0;9;0;0;0;353;0;0;0;2;0;0;0;2
2018;Buenos Aires;847;Tres Lomas;100;28;128;26;95;42102;28902;29;73;11;81;18720,5;37910,5;9480;13903,5;2418;25532;6745;2735;619;86308;20097;54472;40;154;177;0;74569;194
2018;Buenos Aires;854;25 de mayo;433;170;603;205;360;221812;109112,1;316;394;274;537;70461,1;107546,3;44495,4;38977,1;26144;104746;18663,9;25831,5;5662;381084,7;82597;292406,7;590;931;1182;0;375003,7;1521
2018;Buenos Aires;861;Vicente López;0;0;0;0;0;0;0;0;0;0;0;0;0;0;0;0;9;0;0;0;0;0;0;0;0;0;0;0;0
2018;Buenos Aires;868;Villa Gesell;0;0;0;0;0;0;0;0;0;0;0;0;0;0;0;0;9;0;0;0;0;0;0;0;0;0;0;0;0
2018;Buenos Aires;875;Villarino;310;322;632;127;463;381560,3;366823,4;290;595;139;377;28814,4;2422,5;113037;3407,9;14978;0;76529;36508;181846,7;849231,7;70328,1;778903,6;429;972;854;5;849231,7;1401
2018;Buenos Aires;882;Zárate;31;14;45;16;39;23180,5;10671,1;76;83;11;25;8225,3;15440,3;1437;4181;3711;15132;352;1085;467;51472,1;3568,6;39247,5;87;108;105;0;42816,1;195
2002;Buenos Aires;466;Lezama;;;;;;0;0;;;;;;;;;;;;;;0;0;0;0;0;;;0;0
2002;Buenos Aires;6;Buenos Aires;38344;12763;51107;14461;36262;13457691,9;11912494,8;43556;65009;15813;26575;4042566,1;3493021,6;4312182,1;858769,8;2801763,7;2573962,7;1325413,9;2986768,2;884827,3;25788669,5;5828911,3;19959758,2;59369;91584;;;25788669,5;150953
2002;Buenos Aires;7;Adolfo Alsina;545;260;805;182;613;148297,5;289726,5;701;1065;161;154;131183,5;44915,5;152592;4719;101935;12462;78015,5;74576,5;1295,3;450109;123231,5;326877,5;862;1219;;;450109;2081
2002;Buenos Aires;14;Adolfo Gonzales Chaves;166;180;346;119;227;165439;137146,5;205;368;86;214;81809,5;51348;76400;3069;69857;10074;16300;60100;345,7;302585,5;36802,5;265783;291;582;;;302585,5;873
2002;Buenos Aires;21;Alberti;236;51;287;81;205;76072,5;41078,2;189;268;125;202;47039,9;47633,3;4333,5;15975,4;26396,5;47502,3;1666;2667,5;2674;117296,7;35429,7;81867;314;470;;;117296,7;784
2002;Buenos Aires;28;Almirante Brown;40;0;40;20;19;0;151,6;42;67;0;2;0;0;9,5;0;0;0;0;9,5;30;387,8;387,8;0;42;69;;;387,8;111
2002;Buenos Aires;77;Arrecifes;148;44;192;76;115;52669,5;26141,2;175;242;99;132;25384,5;49629;7366,5;12697,5;12476;48987;1093;6273,5;734,7;83411,7;26355,7;57056;274;374;;;83411,7;648
2002;Buenos Aires;35;Avellaneda;18;0;18;5;13;30,7;58,1;37;30;0;0;0;0;0,1;0;0;0;0;0,1;24,1;88,8;88,8;0;37;30;;;88,8;67
2002;Buenos Aires;42;Ayacucho;608;327;935;260;670;313418,6;262487,2;673;1150;282;455;13383,3;8289,6;69756,6;5773;7207,9;1313,5;13229,8;56526,8;426,5;585148,8;125579;459569,8;955;1605;;;585148,8;2560
2002;Buenos Aires;49;Azul;559;329;888;278;604;386232;281260;783;1210;336;585;101375,5;83747;100869;19621,5;79785;69937;23428,5;77440,5;730,2;685448;113401,4;572046,6;1119;1795;;;685448;2914
2002;Buenos Aires;56;Bahía Blanca;156;110;266;59;202;102259;106467,5;284;407;64;118;27100;140;58346;30;22962;70;39196;19150;7666;214656,5;32922,5;181734;348;525;;;214656,5;873
2002;Buenos Aires;63;Balcarce;375;171;546;234;302;216221;89877,2;480;711;304;545;71399,2;42204,1;82681,2;14319,3;55248,9;16470,5;11590;71091,2;2273,3;324689,2;60227,8;264461,4;784;1256;;;324689,2;2040
2002;Buenos Aires;70;Baradero;161;47;208;85;121;48131,8;20208,6;220;302;128;221;22317,7;33391,1;6488,2;9277,7;12987;32932,1;1395;5093,2;488,3;68856;19129,9;49726,1;348;523;;;68856;871
2002;Buenos Aires;84;Benito Juárez;289;225;514;161;352;187061,6;217361,5;411;697;160;298;48396,5;31012,5;64595,5;5455,5;40377;11908;11474;53121,5;221,5;424063,1;58143;365920,1;571;995;;;424063,1;1566
2002;Buenos Aires;91;Berazategui;90;1;91;9;82;0;1106,5;173;242;0;4;0;0;0;0;0;0;0;0;127;2670,5;1420,5;1250;173;246;;;2670,5;419
2002;Buenos Aires;98;Berisso;106;2;108;9;99;0;3797,3;98;115;1;1;0;0;61;0;0;0;0;61;740,7;7325,8;3670,8;3655;99;116;;;7325,8;215
2002;Buenos Aires;105;Bolívar;1269;215;1484;300;1179;175201,6;265070,5;861;1337;167;254;21786,7;18133;57079,4;6110,5;14479,7;15324;11083,5;45995,9;2093,4;442143,1;168193,9;273949,2;1028;1591;;;442143,1;2619
2002;Buenos Aires;112;Bragado;516;103;619;156;462;81015,8;107164;352;548;99;178;58055,6;71625,9;19798,2;16469,5;33549,1;71520,9;1618;18180,2;1622,6;198917,3;72744,3;126173;451;726;;;198917,3;1177
2002;Buenos Aires;119;Brandsen;266;50;316;88;227;53447,1;42821,2;275;406;120;218;603;355;10993,3;443;160;40;3623;7370,3;434;97366,3;43920,2;53446,1;395;624;;;97366,3;1019
2002;Buenos Aires;126;Campana;112;17;129;35;93;33066,5;12985,5;154;235;106;169;2361;5734;631;559;1602;5634;310;321;17571,4;46737;10550;36187;260;404;;;46737;664
2002;Buenos Aires;134;Cañuelas;183;35;218;62;154;28980,7;31653,1;95;200;109;160;4425;3406;5273,5;2042;2356;3221;1067,5;4206;429,8;62163,8;27729,1;34434,7;204;360;;;62163,8;564
2002;Buenos Aires;140;Capitán Sarmiento;135;20;155;41;114;21267,6;18299,3;64;113;91;183;10652,6;15705;6311;5028;5340;15705;1043;5268;527;39566,9;15933,3;23633,6;155;296;;;39566,9;451
2002;Buenos Aires;147;Carlos Casares;570;99;669;209;458;144009,2;75887,5;291;453;217;317;23012,5;26949;18529,8;7270;14159,5;24302;6683;11846,8;602,6;223281,7;78209,7;145072;508;770;;;223281,7;1278
2002;Buenos Aires;154;Carlos Tejedor;554;171;725;212;508;198048,2;135682,7;389;565;185;315;23685,5;26022,2;38692,3;8836,5;14565;22671;6756,5;31935,8;481,7;345380,9;91749,9;253631;574;880;;;345380,9;1454
2002;Buenos Aires;161;Carmen de Areco;162;49;211;78;133;57668,9;30808,8;218;276;172;236;14657;28051,5;14564,5;6947,5;7456,5;27952,5;3603;10961,5;420;88477,7;21253,2;67224,5;390;512;;;88477,7;902
2002;Buenos Aires;168;Castelli;110;61;171;48;122;90639;55525,2;140;210;62;119;5293;2696;11137,8;2387;2848;2116;4354,8;6783;1424;148514,2;24244,2;124270;202;329;;;148514,2;531
2002;Buenos Aires;210;Chacabuco;673;87;760;244;512;104404,8;82623,6;602;830;110;193;41796,3;78487,1;24015,4;17463,1;21012,7;78413,1;3378;20637,4;852,4;187538,4;77525,6;110012,8;712;1023;;;187538,4;1735
2002;Buenos Aires;218;Chascomús;540;194;734;235;496;163175,8;169044,4;555;849;209;333;12877;8771;26216;7932;4729;6499;4086;22130;2899,8;333768,9;107647,4;226121,5;764;1182;;;333768,9;1946
2002;Buenos Aires;224;Chivilcoy;606;93;699;208;487;101521,5;100047,2;693;902;160;219;55562,7;87289,9;19774,5;16239,7;38908;86280,9;4229,5;15545;1393,5;203484,7;78750,7;124734;853;1121;;;203484,7;1974
2002;Buenos Aires;175;Colón;379;25;404;132;268;46849,6;33722,5;189;252;47;57;25206;41937;9972;10034;14397;41920;397,5;9574,5;112,5;81221,6;41564,6;39657;236;309;;;81221,6;545
2002;Buenos Aires;182;Coronel de Marina Leonardo Rosales;81;55;136;36;98;45781,5;51270,6;127;187;32;41;28276;0;27780;100;18758;0;14829;12951;51,5;104612,1;19821,1;84791;159;228;;;104612,1;387
2002;Buenos Aires;189;Coronel Dorrego;275;272;547;166;370;290142,3;246060,4;310;618;127;261;213563,5;50585,5;91479,2;2745;140374;4540;59795,2;31684;4038;544226,7;61987,5;482239,2;437;879;;;544226,7;1316
2002;Buenos Aires;196;Coronel Pringles;359;263;622;183;433;225530;239862,7;380;755;119;271;96112;41513,5;96904;2187;88833;7869,5;33811;63093;191;473820,7;80544,2;393276,5;499;1026;;;473820,7;1525
2002;Buenos Aires;203;Coronel Suárez;670;316;986;234;741;297547,8;291439,3;669;1261;225;526;169648;96585,4;158028,1;12324;136187,5;49553,4;41107;116921,1;240,5;608597,6;112864,8;495732,8;894;1787;;;608597,6;2681
2002;Buenos Aires;231;Daireaux;415;137;552;160;390;186614,7;111415;235;389;181;351;35391;43800,2;53601,8;13559;20199,5;32135,2;11721;41880,8;3332;303979,7;71384,1;232595,6;416;740;;;303979,7;1156
2002;Buenos Aires;238;Dolores;106;57;163;44;117;45575,9;88535,5;98;183;30;46;929;127;12943;677;50;60;261;12682;1411,9;134157,4;22162,4;111995;128;229;;;134157,4;357
2002;Buenos Aires;245;Ensenada;4;1;5;1;4;0;0;0;0;0;0;0;0;0;0;0;0;0;0;10;1684;1126;558;0;0;;;1684;0
2002;Buenos Aires;252;Escobar;151;1;152;93;59;610,4;768,9;360;435;51;58;15;85;519,3;0;15;85;241,7;277,6;240,6;2873;1699;1174;411;493;;;2873;904
2002;Buenos Aires;260;Esteban Echeverría;8;0;8;2;4;0;90,7;15;15;0;2;0;0;0;0;0;0;0;0;3,5;467,2;467,2;0;15;17;;;467,2;32
2002;Buenos Aires;266;Exaltación de la Cruz;216;17;233;74;159;29454;15637,2;453;541;114;147;11175;18426;6167;3316;7859;17388;1148;5019;424,5;45091,2;19038,2;26053;567;688;;;45091,2;1255
2002;Buenos Aires;270;Ezeiza;20;2;22;10;12;104;243;17;47;23;31;78;0;240;78;0;0;90;150;0;2540;360;2180;40;78;;;2540;118
2002;Buenos Aires;274;Florencio Varela;188;0;188;23;164;691,9;1855,5;429;685;11;34;275;90;0;0;275;90;0;0;4,3;3005,4;3005,4;0;440;719;;;3005,4;1159
2002;Buenos Aires;277;Florentino Ameghino;102;80;182;69;111;110129,5;49051,6;160;292;131;248;14675,5;20684;29676,5;8682,5;5662;19364;8199;21477,5;1034,5;161951,1;21792,6;140158,5;291;540;;;161951,1;831
2002;Buenos Aires;280;General Alvarado;144;65;209;95;107;93508,6;34961,2;158;287;209;323;44163,5;22130,4;34670,3;8398,7;34478,8;3571,9;4970,6;29699,7;1219;132807,8;22004,5;110803,3;367;610;;;132807,8;977
2002;Buenos Aires;287;General Alvear;277;111;388;108;279;151221;129511,6;291;430;147;217;7267;5248;25839,8;4763;1870;3937;4123,5;21716,3;2252,4;280862,6;49310;231552,6;438;647;;;280862,6;1085
2002;Buenos Aires;294;General Arenales;557;73;630;141;484;62487,4;68517,3;330;442;59;249;57611;71958,5;9056;21797;24104;71958,5;1439,5;7616,5;562,7;134326,7;65034,3;69292,4;389;691;;;134326,7;1080
2002;Buenos Aires;301;General Belgrano;209;85;294;100;194;103458,1;61438,6;208;302;150;252;10893,5;7532;18609,3;6462,5;4381;6191;2657;15952,3;777,5;164896,7;27551,2;137345,5;358;554;;;164896,7;912
2002;Buenos Aires;308;General Guido;191;107;298;73;224;78053;117022,7;175;298;46;128;2119;162;12550,5;1549;465;0;1086;11464,5;573;197038,7;43348,9;153689,8;221;426;;;197038,7;647
2002;Buenos Aires;315;General Juan Madariaga;221;128;349;88;261;109025;140302,6;354;535;136;204;8982;4726,5;25643,5;4876;3830;1379,5;2839,5;22804;5376,5;249327,6;37421,6;211906;490;739;;;249327,6;1229
2002;Buenos Aires;322;General La Madrid;209;180;389;97;288;162198;166088,5;285;540;123;248;39960;32079;69581;3656;32875;12931;14151;55430;149,5;329851,5;49161,5;280690;408;788;;;329851,5;1196
2002;Buenos Aires;329;General Las Heras;221;18;239;91;147;26330,5;20858,5;203;296;73;123;1476;1119;6948,5;308;1168;1039;1558,5;5390;418,5;47456;32398;15058;276;419;;;47456;695
2002;Buenos Aires;336;General Lavalle;99;104;203;65;137;138809;87733,4;124;190;121;188;602;130;10239;437;95;60;1485;8754;3413,5;227047,4;21410,4;205637;245;378;;;227047,4;623
2002;Buenos Aires;343;General Paz;351;47;398;86;311;37170,5;62120,2;318;461;85;98;1639;1241,2;7511,5;837;782;934,2;2314;5197,5;42;99388,7;53637;45751,7;403;559;;;99388,7;962
2002;Buenos Aires;351;General Pinto;264;98;362;106;255;147171,5;90479,3;342;534;262;350;43927;57103,5;44953,7;21159,5;22517,5;56942,5;10785;34168,7;734;239096,8;43205,3;195891,5;604;884;;;239096,8;1488
2002;Buenos Aires;357;General Pueyrredón;390;66;456;183;269;82670,5;29248,5;744;1022;573;764;28453,7;13863;26434,9;7352,7;21101;3426,5;4329;22105,9;1266,6;113138;31928,1;81209,9;1317;1786;;;113138;3103
2002;Buenos Aires;364;General Rodríguez;58;8;66;31;35;14157,7;4986;78;120;86;180;2021;1306;5149;806;935;1196;992;4157;556;20774,7;7089;13685,7;164;300;;;20774,7;464
2002;Buenos Aires;371;General San Martín;6;0;6;3;2;0,3;0;4;3;0;0;0;0;0;0;0;0;0;0;0;76,3;76,3;0;4;3;;;76,3;7
2002;Buenos Aires;385;General Viamonte;376;84;460;134;324;63268,8;87777,5;341;479;68;144;22842,5;46824,6;7313;7514;10002,5;46204,6;3054;4259;956,7;163532,3;56533,5;106998,8;409;623;;;163532,3;1032
2002;Buenos Aires;392;General Villegas;509;278;787;252;530;382696,9;206374,1;701;1073;580;959;92964,5;146083,7;163503,4;41187,7;49910,8;134520;29191;134312,4;979,6;595146;102470,6;492675,4;1281;2032;;;595146;3313
2002;Buenos Aires;399;Guaminí;417;187;604;152;443;190312,8;185792,5;380;618;155;356;81441,5;54998,8;147875,6;10916,5;61838;27980;50815,3;97060,3;2958,8;392613,5;78016,8;314596,7;535;974;;;392613,5;1509
2002;Buenos Aires;406;Hipólito Yrigoyen;272;68;340;95;240;81955;48046;115;199;103;221;18038,5;18556;13669,7;7703;10031,5;16302;4889;8780,7;1307,5;130118;33039;97079;218;420;;;130118;638
2002;Buenos Aires;408;Hurlingham;0;0;0;0;0;0;0;0;0;0;0;0;0;0;0;0;0;0;0;0;0;0;0;0;0;;;0;0
2002;Buenos Aires;410;Ituzaingó;0;0;0;0;0;0;0;0;0;0;0;0;0;0;0;0;0;0;0;0;0;0;0;0;0;;;0;0
2002;Buenos Aires;412;José C, Paz;23;0;23;0;23;0;74,9;31;64;0;0;0;0;0;0;0;0;0;0;0,9;74,9;74,9;0;31;64;;;74,9;95
2002;Buenos Aires;413;Junín;504;76;580;157;419;90425,2;74748,2;583;771;113;184;42794;67949;15752;14046,5;19579,5;66892;2890;12862;1644,8;167732,9;76975,2;90757,7;696;955;;;167732,9;1651
2002;Buenos Aires;420;La Costa;21;0;21;3;17;44,2;1386,3;15;17;5;18;0;0;0;0;0;0;0;0;112;1438,5;1438,5;0;20;35;;;1438,5;55
2002;Buenos Aires;427;La Matanza;71;1;72;25;44;19156,1;1534,8;90;143;67;105;1062;509;3256,5;382;630;209;2997;259,5;90,6;20898,9;3964,9;16934;157;248;;;20898,9;405
2002;Buenos Aires;434;Lanús;0;0;0;0;0;0;0;0;0;0;0;0;0;0;0;0;0;0;0;0;0;0;0;0;0;;;0;0
2002;Buenos Aires;441;La Plata;1166;17;1183;196;983;15633,7;26945;3320;4050;378;586;1207,5;1036;3057,5;695,5;426;505;1012,5;2045;788,1;43247,4;28170,4;15077;3698;4636;;;43247,4;8334
2002;Buenos Aires;448;Laprida;206;174;380;108;265;161182,7;152387,8;256;482;81;187;18547;7378;54008,5;2099;15155;2896;12231;41777,5;362;336779,5;42696,3;294083,2;337;669;;;336779,5;1006
2002;Buenos Aires;455;Las Flores;500;140;640;192;445;148715;142240,9;448;732;100;190;8313,5;7238,5;24459;5182;2958,5;5030,5;2586;21873;1142,5;291234,9;74977,7;216257,2;548;922;;;291234,9;1470
2002;Buenos Aires;462;Leandro N, Alem;241;74;315;71;243;75504;66678,1;274;394;87;167;33601,5;45672,5;16285;13517;19100,5;45672,5;6500;9785;1602,5;145897,1;36188,5;109708,6;361;561;;;145897,1;922
2002;Buenos Aires;469;Lincoln;995;222;1217;284;924;359669,8;195110,8;782;1103;405;734;69977,5;104163,5;89104,5;27714,8;40540,7;98158,5;16588;72516,5;3085,5;561364,1;125007,6;436356,5;1187;1837;;;561364,1;3024
2002;Buenos Aires;476;Lobería;336;208;544;228;310;238338,2;116091,5;348;707;343;600;124508,1;73318;88246,6;18961,7;99681,9;9365;19833;68413,6;5164,4;356303,7;67249,3;289054,4;691;1307;;;356303,7;1998
2002;Buenos Aires;483;Lobos;538;67;605;202;401;86311,2;54206,7;727;973;214;264;13490,5;17617;27175,5;6698;6690,5;16422;3785;23390,5;967,5;140637,9;65901,9;74736;941;1237;;;140637,9;2178
2002;Buenos Aires;490;Lomas de Zamora;2;0;2;0;0;0;0;0;0;44;49;15;0;76,5;0;15;0;76,5;0;25;515;515;0;44;49;;;515;93
2002;Buenos Aires;497;Luján;74;16;90;36;52;13682,5;12784,3;89;129;81;125;6494;5065;7906,8;3155;3279;4282;1503,5;6403,3;1030,5;26860,6;12121,6;14739;170;254;;;26860,6;424
2002;Buenos Aires;505;Magdalena;436;93;529;118;406;87981,9;88525,6;578;774;132;166;3812;1625,5;15972;3587,5;189,5;353,5;3739,5;12232,5;2679,9;179755;64210,5;115544,5;710;940;;;179755;1650
2002;Buenos Aires;511;Maipú;109;119;228;59;169;97367,1;146565;207;349;88;132;6080;3026;26207,5;3366;2714;556;1885,5;24322;1006;243932,1;27200;216732,1;295;481;;;243932,1;776
2002;Buenos Aires;515;Malvinas Argentinas;14;0;14;1;12;0;14,8;12;21;0;0;0;0;0;0;0;0;0;0;0;17,5;17,5;0;12;21;;;17,5;33
2002;Buenos Aires;518;Mar Chiquita;251;138;389;132;253;201336,5;91868,5;224;423;292;443;14524,2;4320,1;67526;8622;5715,4;83;6067;61459;1012,5;302173;46446;255727;516;866;;;302173;1382
2002;Buenos Aires;525;Marcos Paz;276;8;284;75;207;9941,7;17829,6;377;525;144;332;2953,5;2529;4892;692;2169,5;2269;2661;2231;466,1;27975,3;18540,3;9435;521;857;;;27975,3;1378
2002;Buenos Aires;532;Mercedes;269;40;309;92;217;43885,5;38586,1;404;502;124;185;8904,5;11839,5;13282;3827,3;4860;10484,5;3763,5;9518,5;1008,3;82471,6;37303,6;45168;528;687;;;82471,6;1215
2002;Buenos Aires;539;Merlo;55;0;55;6;49;169,5;954;80;126;0;0;301;221;297;12;261;221;220;77;4;1123,5;1123,5;0;80;126;;;1123,5;206
2002;Buenos Aires;547;Monte;219;71;290;92;195;87748;51925,5;307;382;203;298;8648;7743;23870,8;3832;4571;7407;5551,8;18319;1443,6;140840,5;37316,5;103524;510;680;;;140840,5;1190
2002;Buenos Aires;553;Monte Hermoso;1;3;4;2;2;0;1640;2;3;2;16;0;0;7660;0;0;0;1240;6420;34;19695;220;19475;4;19;;;19695;23
2002;Buenos Aires;560;Moreno;105;0;105;13;91;40,8;328,6;221;236;13;12;0;0;0;0;0;0;0;0;0;397,4;397,4;0;234;248;;;397,4;482
2002;Buenos Aires;568;Morón;0;0;0;0;0;0;0;0;0;0;0;0;0;0;0;0;0;0;0;0;0;0;0;0;0;;;0;0
2002;Buenos Aires;574;Navarro;406;72;478;134;341;60057,4;77070;679;884;110;181;12284,5;17009;23189,5;3867,5;8362;16714;5532;17657,5;366,5;138702,4;61807,9;76894,5;789;1065;;;138702,4;1854
2002;Buenos Aires;581;Necochea;337;232;569;176;386;208419,5;198367,7;476;758;172;291;151150,5;103985;57515;12342,5;135586,5;10283,5;15271;42244;3223;411192,2;70540,7;340651,5;648;1049;;;411192,2;1697
2002;Buenos Aires;588;9 de julio;886;183;1069;286;776;184120,2;182509,8;589;895;228;365;43630,3;62994,3;38200;15455,7;25164,6;60942,3;7350;30850;1097,3;373746;125618,7;248127,3;817;1260;;;373746;2077
2002;Buenos Aires;595;Olavarría;627;332;959;266;686;372115,2;321293,1;729;1154;223;472;47009,5;41892;83689;7975;35427,5;31682,5;16650,5;67038,5;1179,6;707953,3;120873,1;587080,2;952;1626;;;707953,3;2578
2002;Buenos Aires;602;Patagones;410;542;952;189;757;394207,6;861722,5;669;1329;25;85;145991;2733;175392,5;397;130198;50;134055,5;41337;504779,1;1271443,1;92300,5;1179142,6;694;1414;;;1271443,1;2108
2002;Buenos Aires;609;Pehuajó;819;184;1003;281;717;322043,9;172370,1;448;680;316;600;68935,5;91685;54234,2;24395;41131,5;84316;7716,5;46517,7;4687,3;496943,1;124108,7;372834,4;764;1280;;;496943,1;2044
2002;Buenos Aires;616;Pellegrini;123;70;193;70;120;102701;44996,2;169;266;99;226;17739,8;29703,6;80227;7939,8;8748;9365;25229,3;54997,7;696;149599,2;26231,2;123368;268;492;;;149599,2;760
2002;Buenos Aires;623;Pergamino;983;133;1116;392;711;168382,2;111728,5;689;944;249;326;65627,8;174137,5;24606;25223,5;37236,3;173809,5;3323;21283;894,8;284386,7;134197,2;150189,5;938;1270;;;284386,7;2208
2002;Buenos Aires;630;Pila;165;109;274;93;181;154821,5;94598,5;179;285;89;150;2641;1576;13779;1214;1427;1446;832;12947;318,5;249420;33989,5;215430,5;268;435;;;249420;703
2002;Buenos Aires;638;Pilar;101;0;101;18;83;1002,5;617,7;325;403;95;108;120;95;544,5;25;95;95;6;538,5;0;1621,7;1621,7;0;420;511;;;1621,7;931
2002;Buenos Aires;644;Pinamar;0;0;0;0;0;0;0;0;0;0;0;0;0;0;0;0;0;0;0;0;0;0;0;0;0;;;0;0
2002;Buenos Aires;648;Presidente Perón;30;1;31;19;12;1254,3;883,4;33;46;9;14;650;675;262;0;650;675;4;258;0;3099,7;2419,7;680;42;60;;;3099,7;102
2002;Buenos Aires;651;Puán;569;313;882;209;666;217903;323477,5;583;987;55;114;113688,5;8174;118153,5;367;88093,5;1941;70718;47435,5;34595;545753,5;144758,5;400995;638;1101;;;545753,5;1739
2002;Buenos Aires;655;Punta Indio;149;75;224;81;142;61511,5;61116,4;181;305;78;103;742;35;3231,9;476;85;0;397;2834,9;2495,2;125627,9;25789,4;99838,5;259;408;;;125627,9;667
2002;Buenos Aires;658;Quilmes;6;0;6;3;3;0;9,5;20;24;1;3;0;0;0;0;0;0;0;0;0;37,1;37,1;0;21;27;;;37,1;48
2002;Buenos Aires;665;Ramallo;265;45;310;90;220;50122;37877,1;267;348;33;46;20443;59635,5;2998;6879;13114;59386,5;188;2810;3174;87999,1;37009,1;50990;300;394;;;87999,1;694
2002;Buenos Aires;672;Rauch;652;192;844;206;636;169372,8;188712,5;547;868;126;175;5400,5;1962;26034;2895,5;2048;394;4895;21139;494,3;358482,3;112542,3;245940;673;1043;;;358482,3;1716
2002;Buenos Aires;679;Rivadavia;393;194;587;231;346;228844,5;121473,9;364;567;296;456;49514,7;82015,4;93801,5;28193,9;20306,8;58316,1;26877,5;66924;844,8;364947,4;68879,8;296067,6;660;1023;;;364947,4;1683
2002;Buenos Aires;686;Rojas;493;90;583;140;434;96601,4;81778,7;373;527;108;209;53080,4;92856,2;16877,6;23447,4;27365,2;92846,2;1954;14923,6;446,2;183217,1;63831,7;119385,4;481;736;;;183217,1;1217
2002;Buenos Aires;693;Roque Pérez;387;68;455;97;357;49325,3;86520,8;425;572;71;99;13219;14042,5;5675,5;6100,7;7051,3;13719,5;959,5;4716;1517;135947,1;38798,6;97148,5;496;671;;;135947,1;1167
2002;Buenos Aires;700;Saavedra;371;195;566;127;436;141512,7;203839;349;635;92;181;91192,5;30638;92809;3650;75675,5;8638;52780;40029;583;346155,7;85492,7;260663;441;816;;;346155,7;1257
2002;Buenos Aires;707;Saladillo;1148;96;1244;260;978;164754,9;122165,6;978;1254;175;278;37903,5;54345,3;27693;15967;21623,5;49259,3;2438,5;25254,5;1154,5;291435,5;110042,6;181392,9;1153;1532;;;291435,5;2685
2002;Buenos Aires;721;Salliqueló;171;38;209;57;149;50869,5;37173,1;97;156;64;89;9799;5173;29717,5;2102;6768;1280;16898;12819,5;26;139423,3;52138,3;87285;161;245;;;139423,3;406
2002;Buenos Aires;714;Salto;447;69;516;168;348;79663,1;59760,2;298;439;74;109;43597,5;81531;14070,5;18849,5;23518;81508;1255,5;12815;421;90133,6;30519,6;59614;372;548;;;90133,6;920
2002;Buenos Aires;728;San Andrés de Giles;198;52;250;77;170;43417,5;45639;277;425;116;128;24408;39023,5;5892;7288;17065;37592,5;1692;4200;429;89308,5;29182;60126,5;393;553;;;89308,5;946
2002;Buenos Aires;735;San Antonio de Areco;104;57;161;73;86;56898,8;34979,6;190;224;199;320;28428,5;39695,5;13484,6;13998,5;14024;38807,5;957,5;12527,1;239,5;92604,4;15427,7;77176,7;389;544;;;92604,4;933
2002;Buenos Aires;742;San Cayetano;208;152;360;89;271;95751,5;144443;301;535;44;117;79588,5;48944,5;32414;4621;67020,5;5968,5;8978;23436;1665;240194,5;45401;194793,5;345;652;;;240194,5;997
2002;Buenos Aires;749;San Fernando;17;3;20;5;15;0;2614;46;56;14;16;0;0;0;0;0;0;0;0;3886;12269;2834;9435;60;72;;;12269;132
2002;Buenos Aires;756;San Isidro;9;0;9;6;3;2,4;0,4;2;2;1;2;0;0;0;0;0;0;0;0;0;2,8;2,8;0;3;4;;;2,8;7
2002;Buenos Aires;760;San Miguel;0;0;0;0;0;0;0;0;0;0;0;0;0;0;0;0;0;0;0;0;0;0;0;0;0;;;0;0
2002;Buenos Aires;763;San Nicolás;268;25;293;71;219;23300;28853,5;307;406;25;58;14042;33685,5;2771;5635,5;7882,5;33621,5;309;2462;53,5;53104,5;32489,5;20615;332;464;;;53104,5;796
2002;Buenos Aires;770;San Pedro;583;49;632;178;450;61272;43145,2;664;894;224;299;23208,6;52867,6;4606,5;8113,3;14439,3;52496,6;566;4040,5;395,5;105145,2;50584,7;54560,5;888;1193;;;105145,2;2081
2002;Buenos Aires;778;San Vicente;148;22;170;40;130;15230,8;33152,2;209;299;53;73;0;0;1955;0;0;0;1193;762;370;48383;26418;21965;262;372;;;48383;634
2002;Buenos Aires;784;Suipacha;215;39;254;88;163;46317,2;37449,2;243;347;143;221;8604;12014;20630;2792,5;5624,5;11597;3146;17484;434;87473,4;36440,4;51033;386;568;;;87473,4;954
2002;Buenos Aires;791;Tandil;417;242;659;290;360;292328,7;141172,8;711;1057;464;698;109052,1;80238,1;110056;21728;83920,1;53234;22179;87877;2462,5;442390,2;70534,3;371855,9;1175;1755;;;442390,2;2930
2002;Buenos Aires;798;Tapalqué;207;164;371;124;243;136168;126403,4;163;284;39;160;2864;1878;8671;1479;1330;1184;1590;7081;966,6;270895,4;47544,5;223350,9;202;444;;;270895,4;646
2002;Buenos Aires;805;Tigre;35;0;35;4;31;0;609,3;47;42;2;4;0;0;2;0;0;0;0;2;167;696,3;696,3;0;49;46;;;696,3;95
2002;Buenos Aires;812;Tordillo;93;32;125;33;92;63413;31494;87;105;65;89;426;55;9863;426;0;55;220;9643;47;105546;15234;90312;152;194;;;105546;346
2002;Buenos Aires;819;Tornquist;258;234;492;153;335;194112;188617;427;630;155;266;76510;10794;98827;1444;65451;1669;62214;36613;8934;400387;66178;334209;582;896;;;400387;1478
2002;Buenos Aires;826;Trenque Lauquen;267;185;452;145;296;206016,5;180193,1;758;1139;250;474;73424;77695,8;168901,4;36220,9;33123;50462,1;47740,4;121161;688;407811,6;59303,8;348507,8;1008;1613;;;407811,6;2621
2002;Buenos Aires;833;Tres Arroyos;355;337;692;250;433;282465,8;238338,2;632;1095;159;310;208850,9;119079,2;113748,8;14930,5;161260,2;7342;23981,5;89767,3;3049,5;526636;75916,9;450719,1;791;1405;;;526636;2196
2002;Buenos Aires;840;Tres de Febrero;5;0;5;0;5;0;117;0;2;0;0;0;0;0;0;0;0;0;0;0;117;117;0;0;2;;;117;2
2002;Buenos Aires;847;Tres Lomas;241;44;285;70;212;56678;51509,5;153;262;53;109;13991;10896;47764;4587;7958;2888;14421;33343;143;109674,5;43429,5;66245;206;371;;;109674,5;577
2002;Buenos Aires;854;25 de mayo;693;175;868;203;660;180639,6;170416,9;676;1017;218;361;42407,5;67052;40522;15024;25139,5;63835;5971;34551;2503;363367,5;96735,2;266632,3;894;1378;;;363367,5;2272
2002;Buenos Aires;861;Vicente López;4;0;4;2;2;0;0;1;1;0;0;0;0;0;0;0;0;0;0;0;1,3;1,3;0;1;1;;;1,3;2
2002;Buenos Aires;868;Villa Gesell;3;0;3;0;3;0;5,5;0;2;0;0;0;0;0;0;0;0;0;0;0;5,5;5,5;0;0;2;;;5,5;2
2002;Buenos Aires;875;Villarino;583;355;938;192;736;409701;450228,1;874;1402;143;335;65831;3739;163785,5;1610;51288;205;77872;85913,5;184106;879258,1;104750,1;774508;1017;1737;;;879258,1;2754
2002;Buenos Aires;882;Zárate;145;22;167;61;106;21227,8;13731,4;193;264;122;160;7432,5;12788,5;3176,5;2626,5;4633;12616,5;418;2758,5;4456,3;34959,2;11383,6;23575,6;315;424;;;34959,2;739
1988;Buenos Aires;;Buenos Aires;62205;13274;75479;24203;50602;14540405,4;12108104,2;;;;;3651207,8;2283645,3;5610540,7;912300,5;2257130,5;1041462,6;1829898,8;3780641,9;;27282510,1;7981870,9;19300639,2;;;;;27282510,1;
1988;Buenos Aires;;Adolfo Alsina;773;248;1021;277;732;202673,2;264887;;;;;121345,5;37905,5;203109,5;5941;92637,5;102;102545,4;100564,1;;476780,2;161125,7;315654,5;;;;;476780,2;
1988;Buenos Aires;;Adolfo Gonzales Chaves;350;177;527;115;349;184858,1;148851,6;;;;;71587,8;31870;91828,2;2721;55307,5;177;20313,5;71514,7;;334131,7;77694,6;256437,1;;;;;334131,7;
1988;Buenos Aires;;Alberti;413;29;442;173;246;72354,7;26993,2;;;;;31321,5;22123;26838,8;17337,5;13041;17465,5;2377,5;24461,3;;99429,4;49360,4;24052;;;;;73412,4;
1988;Buenos Aires;;Almirante Brown;84;0;84;0;71;434,5;810,8;;;;;0;0;22;0;0;0;22;60,5;;1245,3;854,3;0;;;;;854,3;
1988;Buenos Aires;;Arrecifes;0;0;0;0;0;0;0;;;;;0;0;0;0;0;0;0;0;;0;0;0;;;;;0;
1988;Buenos Aires;;Avellaneda;57;0;57;18;52;108,6;169,5;;;;;0;0;0;0;0;0;0;0;;278,1;160,8;0;;;;;160,8;
1988;Buenos Aires;;Ayacucho;827;344;1171;393;771;351797,9;264429,7;;;;;14465,5;19247,5;107565,7;7343,5;4707;120;34007,3;73558,4;;627694,1;153015,6;474678,5;;;;;627694,1;
1988;Buenos Aires;;Azul;718;338;1056;391;648;346026,3;280986,3;;;;;62225,8;34932;100112;15507;41500;4991;28724,5;71387,5;;649412,6;137868,1;511544,5;;;;;649412,6;
1988;Buenos Aires;;Bahía Blanca;223;125;348;147;192;128364,4;84254,9;;;;;34555;170;54789;0;28360;0;38901;15888;;229382,3;45696,6;183685,7;;;;;229382,3;
1988;Buenos Aires;;Balcarce;1139;208;1347;489;838;244874,2;135040,1;;;;;58836,4;24645,5;115214,7;12513,4;38372,5;94;26620,3;88594,4;;394978,1;119863,6;275114,5;;;;;394978,1;
1988;Buenos Aires;;Baradero;340;34;374;114;235;40215,3;41853,9;;;;;17697,5;26668;17061,7;9942;7471;20413;2483;14578,7;;85880,2;33049,2;35471,5;;;;;68520,7;
1988;Buenos Aires;;Bartolomé Mitre;355;55;410;159;213;72979,5;30261,7;;;;;25016,5;54265,5;19623,2;11018;13415,5;51334,5;2296;17327,2;;639,2;451,4;0;;;;;451,4;
1988;Buenos Aires;;Benito Juárez;497;255;752;241;498;243852;248131;;;;;59281;25488;103698,5;6303;46204,5;854;30276;73422,5;;103396,2;40558,7;49878;;;;;90436,7;
1988;Buenos Aires;;Berazategui;214;0;214;41;172;3937,5;3901,2;;;;;332;206;200;306;24;0;130;70;;505076;99091;405985;;;;;505076;
1988;Buenos Aires;;Berisso;84;0;84;0;73;1541,5;3967,5;;;;;12;120;9;12;0;0;3;6;;8348,7;4273,7;0;;;;;4273,7;
1988;Buenos Aires;;Bolívar;1698;206;1904;394;1442;216275,1;260806,7;;;;;14801,7;11376;47542,7;6074,5;6627,2;0;11477;36065,7;;5566,5;1673,5;0;;;;;1673,5;
1988;Buenos Aires;;Bragado;872;88;960;257;669;108992,9;92250,8;;;;;50082,5;45182,8;48933;23749;15045;33785,8;10173;38760;;478218,8;200048,5;278170,3;;;;;478218,8;
1988;Buenos Aires;;Brandsen;371;29;400;140;274;52015,4;42607,5;;;;;469,5;335;15687,5;311,5;130;0;8074;7613,5;;201313,7;98140,9;90731,5;;;;;188872,4;
1988;Buenos Aires;;Campana;247;19;266;60;180;32661,8;19154,4;;;;;1441,4;2428;2462,5;784,5;523,9;1046;1013,5;1449;;94622,9;50930,9;20134;;;;;71064,9;
1988;Buenos Aires;;Cañuelas;470;50;520;164;347;55633;47174,7;;;;;4397;2390;13426;3166;975;25;5955;7471;;56387;20041;20109;;;;;40150;
1988;Buenos Aires;;Capitán Sarmiento;221;22;243;85;172;26807,1;25491,4;;;;;13882;16245,8;19601,5;7846;5235;13575,3;2119,5;17482;;104286,7;55084,4;49202,3;;;;;104286,7;
1988;Buenos Aires;;Carlos Casares;910;95;1005;250;709;141698,5;90540,9;;;;;14996,5;10546,5;36291,1;8115;4920,5;3685,5;11205,5;25085,6;;52912,5;24746,5;15696;;;;;40442,5;
1988;Buenos Aires;;Carlos Tejedor;660;182;842;299;533;210827,9;147301,2;;;;;12977;8000;68357;6032;3610;1487;12227,5;56129,5;;237499,4;102683,4;85853;;;;;188536,4;
1988;Buenos Aires;;Carmen de Areco;204;37;241;75;139;51509,3;22683,5;;;;;11808,5;13595;16688;5792,5;5824;12109;4700,5;11987,5;;372280,7;100800,7;271480;;;;;372280,7;
1988;Buenos Aires;;Castelli;282;87;369;98;240;142778,8;75030,6;;;;;3533,5;9215;33912,4;2383,5;1050;0;7349,2;26563,2;;75762,8;24217,1;37143,7;;;;;61360,8;
1988;Buenos Aires;;Chacabuco;1312;88;1400;430;974;120281,4;95908,5;;;;;61613,5;53981,3;47690,3;38371,2;22375,3;51460,3;6169,5;41520,8;;232381,4;35838,4;196543;;;;;232381,4;
1988;Buenos Aires;;Chascomús;801;208;1009;342;657;178956,6;184316,2;;;;;8182,4;7147,2;49450,7;6665,2;774,6;276;12834,1;36616,6;;217494,8;103877,4;80986,4;;;;;184863,8;
1988;Buenos Aires;;Chivilcoy;1004;64;1068;366;715;96945,3;76778,8;;;;;49213,7;40742,3;51869,3;25976;22394,2;32798,8;7596,5;44272,8;;384707,4;131876,6;252830,8;;;;;384707,4;
1988;Buenos Aires;;Colón;508;29;537;158;362;53283,7;33430,5;;;;;36468,9;33201;23477,9;16044,4;19822,5;32823;1189,5;22288,4;;175470,1;93564,3;62307,2;;;;;155871,5;
1988;Buenos Aires;;Coronel de Marina Leonardo Rosales;113;37;150;67;93;61857;33950;;;;;22204;0;33334;0;18198;0;18599;14735;;86734,2;47818,5;9838,1;;;;;57656,6;
1988;Buenos Aires;;Coronel Dorrego;498;309;807;276;540;232647,2;251166,8;;;;;155107,6;40038,5;99641;4247;109096,3;415;55340;44301;;98471;27821;22381;;;;;50202;
1988;Buenos Aires;;Coronel Pringles;527;279;806;223;569;236041;255540;;;;;102799,9;30145;100844,5;3106;79834,5;116;39763;61081,5;;502302;126200,5;283030,5;;;;;409231;
1988;Buenos Aires;;Coronel Suárez;964;279;1243;317;910;282570;272031,1;;;;;129367,2;63697,5;126802,6;7964;110076,7;785;48182;78620,6;;513035;111481;401554;;;;;513035;
1988;Buenos Aires;;Daireaux;591;166;757;257;491;191871,7;140544,4;;;;;21729;13939,5;81654,4;3792,5;15054;90;19962,5;61691,9;;587661,1;151319,3;436341,8;;;;;587661,1;
1988;Buenos Aires;;Dolores;314;81;395;101;287;101375,5;66428,8;;;;;1784,5;467;5832,5;1558,5;150;100;1427;4405,5;;343138,1;89470,9;253667,2;;;;;343138,1;
1988;Buenos Aires;;Ensenada;14;0;14;0;16;1467;1456,8;;;;;0;0;0;0;0;0;0;0;;171365,3;47153,3;124212;;;;;171365,3;
1988;Buenos Aires;;Escobar;425;0;425;46;370;2017,2;6908,8;;;;;0;160;45094;0;0;160;20,5;28;;2933,3;1345,3;0;;;;;1345,3;
1988;Buenos Aires;;Esteban Echeverría;149;0;149;49;111;5440,5;6310,4;;;;;0;291;1262;117,5;131;0;442;820;;9868;6903;0;;;;;6903;
1988;Buenos Aires;;Exaltación de la Cruz;576;14;590;118;404;16527,8;28984,3;;;;;7047,5;8356;10556,6;3474,5;2747;4444;3202,7;7353,9;;12670,9;8074,9;0;;;;;8074,9;
1988;Buenos Aires;;Ezeiza;0;0;0;0;0;0;0;;;;;0;;0;0;0;;0;0;;45516,9;33095,9;12421;;;;;45516,9;
1988;Buenos Aires;;Florencio Varela;588;0;588;129;468;3599,3;7308,4;;;;;158,5;83;900,1;49,5;105;0;307,5;592,6;;0;0;0;;;;;0;
1988;Buenos Aires;;Florentino Ameghino;0;0;0;0;0;0;0;;;;;0;;0;0;0;;0;0;;10907,7;8053,2;0;;;;;8053,2;
1988;Buenos Aires;;General Alvarado;631;68;699;202;495;92783,1;55965,3;;;;;39694,1;13081,5;57728,6;9844,5;27512,3;62;10984;46744,6;;0;0;0;;;;;0;
1988;Buenos Aires;;General Alvear;339;111;450;50;312;144403,4;114698,4;;;;;7359;2102;24897,5;5360;236;172;4266,5;20631;;153057,4;45463,4;71283;;;;;116746,4;
1988;Buenos Aires;;General Arenales;827;47;874;264;610;65144,8;68981;;;;;65515,6;55322,4;20288,5;39091,6;30870;53584,4;3932;16356,5;;259593,8;55275,3;204318,5;;;;;259593,8;
1988;Buenos Aires;;General Belgrano;302;99;401;123;275;95689,6;95143;;;;;7312,9;7046,6;21856;4820,9;1720;704;4285;17571;;137261,8;57446,6;26374,5;;;;;83821,1;
1988;Buenos Aires;;General Guido;268;117;385;119;263;102475;114209,8;;;;;2334,5;1584;11294;2155,5;40;0;3177;8117;;192740,6;35006,6;157734;;;;;192740,6;
1988;Buenos Aires;;General Juan Madariaga;355;145;500;122;328;147721,9;128137;;;;;6072,5;1271;26023,5;4523,5;1188;0;7099,5;18924;;218964,8;57173,8;161791;;;;;218964,8;
1988;Buenos Aires;;General La Madrid;399;225;624;180;420;187456,5;216637,4;;;;;39129;19866;95958,5;2439;30359;40;18385;77573,5;;280496,9;51345;229151,9;;;;;280496,9;
1988;Buenos Aires;;General Las Heras;354;22;376;142;234;31039,1;31006,2;;;;;2083,5;1149;7353;1201,5;651;340;2852;4501;;421591,9;76776,7;344815,2;;;;;421591,9;
1988;Buenos Aires;;General Lavalle;122;90;212;61;147;140925,6;83032,2;;;;;1064,3;370;11032,9;964,3;100;370;2552;8480,9;;62045,3;42094,3;19951;;;;;62045,3;
1988;Buenos Aires;;General Paz;496;28;524;153;377;45211,7;53538,5;;;;;3082;1916;12450,4;2013;534;85;5390;7060,4;;224614,8;25888,5;197379,8;;;;;223268,3;
1988;Buenos Aires;;General Pinto;617;184;801;297;494;283996,8;124140,3;;;;;49059,7;49293,5;166933,1;16854,5;20702,2;24165,5;41653,4;125279,7;;99673,2;58362,5;20730;;;;;79092,5;
1988;Buenos Aires;;General Pueyrredón;651;48;699;218;484;83688,2;43307,5;;;;;22322;6622;44394,8;5527;15250;40;9825,6;34569,2;;412387,1;78854;333533,1;;;;;412387,1;
1988;Buenos Aires;;General Rodríguez;208;5;213;52;139;14837,7;9428,8;;;;;1787,5;668;5386,5;868;607;245;1660;3726,5;;128735,7;45128,4;44351,5;;;;;89479,9;
1988;Buenos Aires;;General San Martín;0;0;0;0;0;0,2;3,1;;;;;0;0;0;0;0;0;0;0;;30709,5;15888,5;3001;;;;;18889,5;
1988;Buenos Aires;;General Sarmiento;173;0;173;30;143;138,5;462,4;;;;;5;0;4;5;0;0;2;2;;3,3;0;0;;;;;0;
1988;Buenos Aires;;General Viamonte;862;86;948;305;645;112385,7;91079,4;;;;;36215;37187,7;40266,5;19143;14479;27888,2;9411;30855,5;;208676,1;85751,4;88864,7;;;;;174616,1;
1988;Buenos Aires;;General Villegas;886;320;1206;382;808;375575,3;270409,6;;;;;97498,6;84271,9;268906,1;31901,6;48705,5;39090,7;60476,9;208429,2;;656740,4;147873,1;508867,3;;;;;656740,4;
1988;Buenos Aires;;Guaminí;507;151;658;199;455;174736,8;170889,2;;;;;52351;22777;134225,5;7843;34873;25;47857,5;86368;;348305;90580,3;257724,7;;;;;348305;
1988;Buenos Aires;;Hipólito Yrigoyen;361;72;433;137;277;91252,5;54101;;;;;6837;3372;22684,8;4201;1740;10;6785;15899,8;;153184,5;44612,2;108572,3;;;;;153184,5;
1988;Buenos Aires;;Hurlingham;0;0;0;0;0;0;0;;;;;0;;0;0;0;;0;0;;0;0;0;;;;;0;
1988;Buenos Aires;;Ituzaingó;0;0;0;0;0;0;0;;;;;0;;0;0;0;;0;0;;0;0;0;;;;;0;
1988;Buenos Aires;;José C, Paz;0;0;0;0;0;0;0;;;;;0;;0;0;0;;0;0;;0;0;0;;;;;0;
1988;Buenos Aires;;Junín;1013;76;1089;370;710;108567,5;88210,3;;;;;69174;65132,5;36634,2;34845;32523,5;61461;10279;26355,2;;201351,8;109026,1;46573,7;;;;;155599,8;
1988;Buenos Aires;;La Costa;6;3;9;3;12;572;4954;;;;;100;0;3;100;0;0;3;0;;5526;1043;2515;;;;;3558;
1988;Buenos Aires;;La Matanza;166;0;166;27;142;1302,5;3258;;;;;433,2;118,5;423,3;19,7;408,5;118,5;287,3;136;;4561,1;2172,1;0;;;;;2172,1;
1988;Buenos Aires;;Lanús;0;0;0;0;0;0;0;;;;;0;0;0;0;0;0;0;0;;0;0;0;;;;;0;
1988;Buenos Aires;;La Plata;1191;12;1203;234;960;15547,6;26268,1;;;;;674;510;4936,5;384;285;185;2652,6;2283,9;;42134,5;29176,5;12958;;;;;42134,5;
1988;Buenos Aires;;Laprida;247;178;425;134;291;135359;139392,5;;;;;18724;6356;60800;713;15432;25;20061;40739;;298611,5;57799,5;240812;;;;;298611,5;
1988;Buenos Aires;;Las Flores;631;105;736;256;538;193777,9;125421,2;;;;;8602;4884,5;27375,5;8130;126;220;3880;23495,5;;321344,1;92580,7;116952;;;;;209532,7;
1988;Buenos Aires;;Leandro N, Alem;435;45;480;120;338;71523,5;58641,8;;;;;23797;19011,5;56273;12645,5;7800;14281;21585,5;34687,5;;130261,3;54199,3;65658;;;;;119857,3;
1988;Buenos Aires;;Lezama;0;0;0;0;0;0;0;;;;;0;;0;0;0;;0;0;;0;0;0;;;;;0;
1988;Buenos Aires;;Lincoln;1311;234;1545;474;1051;347001,1;192549,8;;;;;73099,5;63749,5;158787,9;29218;30586;31599;37564,5;121223,4;;555546,5;147928,7;407617,8;;;;;555546,5;
1988;Buenos Aires;;Lobería;752;235;987;367;612;222942,9;161119,4;;;;;110676,4;70775,9;118012,6;12147,2;84085,5;664;37556,3;80456,3;;392338,3;112046,9;280291,4;;;;;392338,3;
1988;Buenos Aires;;Lobos;929;42;971;260;671;79833,5;75746;;;;;12324;10385,5;28742,1;10436,5;1096,5;1543;7209;21533,1;;155982;82818;29966;;;;;112784;
1988;Buenos Aires;;Lomas de Zamora;0;0;0;0;0;0,2;0,1;;;;;40;0;30;10;30;0;0;30;;656,3;0,3;0;;;;;0,3;
1988;Buenos Aires;;Luján;414;17;431;163;271;36535,1;25623,5;;;;;8466,5;6385,8;15133,1;4587,1;3073,4;2475,8;3596,1;11537;;62844,1;34403,9;11886,1;;;;;46290;
1988;Buenos Aires;;Magdalena;875;159;1034;331;704;157847,2;151161,1;;;;;3856;5105;23651,1;2581,5;1024,5;257;10488,3;13162,8;;311753,7;117593,7;162761;;;;;280354,7;
1988;Buenos Aires;;Maipú;184;132;316;87;191;135278;115717,2;;;;;2638,5;1350;28494,5;2373,5;135;0;4222,5;24272;;261111,2;37447,7;223663,5;;;;;261111,2;
1988;Buenos Aires;;Malvinas Argentinas;0;0;0;0;0;0;0;;;;;0;;0;0;0;;0;0;;0;0;0;;;;;0;
1988;Buenos Aires;;Mar Chiquita;354;149;503;198;301;222372,7;98948,9;;;;;9731;9841;56198,2;6154;2897;0;11743,9;44454,3;;323736,6;52428,9;271307,7;;;;;323736,6;
1988;Buenos Aires;;Marcos Paz;334;10;344;120;224;16534,2;14419,6;;;;;827,5;681;6609,9;473;296,5;45;3615,3;2994,6;;30953,8;23095,8;7838;;;;;30933,8;
1988;Buenos Aires;;Mercedes;643;28;671;202;471;51592,9;39188,9;;;;;5794,8;8562;20895,7;3600,8;2103;3511;4982,5;15913,2;;91578,3;55653,8;19001,5;;;;;74655,3;
1988;Buenos Aires;;Merlo;157;0;157;0;139;428,4;1816,4;;;;;17;0;112;5;5;0;28;84;;2244,8;1878,8;0;;;;;1878,8;
1988;Buenos Aires;;Monte;330;89;419;147;267;88181,5;71394,3;;;;;6479,5;7094;31022;4684,5;1453;563;5813;25209;;163622,8;48071,3;115551,5;;;;;163622,8;
1988;Buenos Aires;;Monte Hermoso;0;0;0;4;0;15051;0;;;;;0;0;6095;0;0;0;70;6025;;15051;0;0;;;;;0;
1988;Buenos Aires;;Moreno;169;0;169;32;136;992;1344,5;;;;;3;65;54;3;0;0;15;39;;2421;2136;0;;;;;2136;
1988;Buenos Aires;;Morón;0;0;0;0;0;1,8;2;;;;;0;0;0;0;0;0;0;0;;3,8;3,8;0;;;;;3,8;
1988;Buenos Aires;;Navarro;571;48;619;183;425;60454;81410,6;;;;;14329;13137;33643;8751;4328;5626;10283,5;23359,5;;143286,6;71135,1;33575;;;;;104710,1;
1988;Buenos Aires;;Necochea;483;218;701;260;438;226628,5;159813,9;;;;;130003;79233,5;67375,3;8895;99262;842;20868,5;46506,8;;388691,4;95815,9;292875,5;;;;;388691,4;
1988;Buenos Aires;;9 de julio;1270;165;1435;440;1012;214019,1;192018;;;;;41391;39878;88532,5;22419;16925;23304,5;19608;68924,5;;408614,1;148477,6;171839;;;;;320316,6;
1988;Buenos Aires;;Olavarría;801;348;1149;350;778;358677,4;324787,2;;;;;35816,4;15942,4;142993,3;6918,7;23026,2;590,4;34684;108309,3;;712419,6;144148;568271,6;;;;;712419,6;
1988;Buenos Aires;;Patagones;496;577;1073;291;745;573265,3;668344;;;;;137350,5;0;116229,2;331;125020,5;0;84035;32194,2;;1243315,3;113429,5;1129885,8;;;;;1243315,3;
1988;Buenos Aires;;Pehuajó;1082;190;1272;373;873;245648;157990,7;;;;;10537,5;7406;44949,9;5900,5;3278;1181;15103,7;29846,2;;426622,2;144851,1;281771,1;;;;;426622,2;
1988;Buenos Aires;;Pellegrini;196;78;274;106;168;97612,4;67353,1;;;;;12987;12304;62307,5;5095;4783;193;25309;36998,5;;171698,5;39639,1;70034,4;;;;;109673,5;
1988;Buenos Aires;;Pergamino;1498;102;1600;649;951;174373,3;107930,2;;;;;97965,5;134694,3;53486,8;36499,7;59410,8;127416,4;4243,8;49243;;285548,7;174390,5;90063,2;;;;;264453,7;
1988;Buenos Aires;;Pila;246;122;368;43;263;133955,2;137497,2;;;;;0;1315;15797,5;1550,5;194;0;3443,5;12354;;271482,4;43607;227875,4;;;;;271482,4;
1988;Buenos Aires;;Pilar;518;0;518;151;377;7355,1;7976,3;;;;;845,3;668;3074,6;253,8;445,5;419;1229,1;1845,5;;15754,4;13993,4;0;;;;;13993,4;
1988;Buenos Aires;;Pinamar;0;0;0;0;0;0;0;;;;;0;0;0;0;0;0;0;0;;0;0;0;;;;;0;
1988;Buenos Aires;;Presidente Perón;0;0;0;0;0;0;0;;;;;0;;0;0;0;;0;0;;0;0;0;;;;;0;
1988;Buenos Aires;;Puán;854;285;1139;357;785;243747,5;275528,9;;;;;114592,6;11233;119428,2;460,5;96798,3;27;67333;52095,2;;528145;192659,9;261224,1;;;;;453884;
1988;Buenos Aires;;Punta Indio;0;0;0;0;0;0;0;;;;;0;;0;0;0;;0;0;;0;0;0;;;;;0;
1988;Buenos Aires;;Quilmes;0;0;0;0;0;0;0;;;;;0;0;0;0;0;0;0;0;;0;0;0;;;;;0;
1988;Buenos Aires;;Ramallo;465;33;498;177;293;54506,7;31128;;;;;16498;52896,2;6842,3;4984,5;11326,5;51930,2;840,2;6002,1;;87458,7;51012,8;36445,9;;;;;87458,7;
1988;Buenos Aires;;Rauch;774;197;971;250;716;157781,8;233413,7;;;;;7353,5;5778;43512,5;5432;885;0;10444,5;33068;;392034,7;126587,9;265446,8;;;;;392034,7;
1988;Buenos Aires;;Rivadavia;503;182;685;247;428;225474,6;132650,2;;;;;53144,7;34305,1;163175,1;28447,7;17314;5680;57782,3;105392,8;;367565,5;80478;287087,5;;;;;367565,5;
1988;Buenos Aires;;Rojas;868;64;932;320;613;96706,9;76266,2;;;;;69030,7;63729,7;41523,3;33699,8;34525,9;62421,2;4930,5;36592,8;;173375,6;80400,4;39811,5;;;;;120211,9;
1988;Buenos Aires;;Roque Pérez;590;63;653;133;501;69472,1;73844,1;;;;;14627;6424;12598,2;13117;1045;1013;3772;8826,2;;143341,2;53352,1;55659;;;;;109011,1;
1988;Buenos Aires;;Saavedra;496;182;678;189;465;140757,1;193690,4;;;;;89318;30016;92011;974;77628;328;48549,5;43461,5;;335187,5;107517,5;176663;;;;;284180,5;
1988;Buenos Aires;;Saladillo;1205;75;1280;323;944;117674,2;112048,7;;;;;19079,5;11609,5;16813,5;16376,5;1735;2809,5;3534,7;13278,8;;233530,6;106564,6;75183;;;;;181747,6;
1988;Buenos Aires;;Salliqueló;244;37;281;75;198;38280,6;43336,9;;;;;11094;6627,5;58790,2;1955;5820,5;0;33464,7;25325,5;;87010,5;39341,5;47669;;;;;87010,5;
1988;Buenos Aires;;Salto;693;46;739;314;448;94688,5;59673,7;;;;;65213,5;77481,5;25687,2;32415,3;30806,2;72585,5;4032;21655,2;;154940,2;75102,2;31365;;;;;106467,2;
1988;Buenos Aires;;San Andrés de Giles;387;29;416;144;256;39935,9;30298,8;;;;;15272;20466,5;12784,6;9892,5;5123,5;14033;2026;10758,6;;72016,7;37392,2;19867,5;;;;;57259,7;
1988;Buenos Aires;;San Antonio de Areco;242;46;288;87;163;52452;36122;;;;;20117,5;23726,5;27827,5;12703;6809,5;18149,5;5924;21903,5;;89987;32738,5;39477,5;;;;;72216;
1988;Buenos Aires;;San Cayetano;410;151;561;116;401;116170,5;157568;;;;;87054;53863;51543,3;5628;60533,5;412;18757,5;32785,8;;273818,5;87430;186388,5;;;;;273818,5;
1988;Buenos Aires;;San Fernando;145;3;148;56;100;14333,5;5580,6;;;;;0;0;0;0;0;0;0;0;;20814,1;10624,1;0;;;;;10624,1;
1988;Buenos Aires;;San Isidro;7;0;7;0;7;5,5;0,6;;;;;0;0;0;0;0;0;0;0;;6,1;6,1;0;;;;;6,1;
1988;Buenos Aires;;San Miguel;0;0;0;0;0;0;0;;;;;0;;0;0;0;;0;0;;0;0;0;;;;;0;
1988;Buenos Aires;;San Nicolás;434;14;448;162;273;29905,4;23808;;;;;13409;32128,5;5324;3907,5;9267,5;31528,5;549,5;4774,5;;53721,4;42281,9;11439,5;;;;;53721,4;
1988;Buenos Aires;;San Pedro;1056;41;1097;439;648;62058;48824,6;;;;;13647,7;45582,6;11731,3;4897,7;8165;42712,6;1902,2;9829,1;;113355,6;68502;44853,6;;;;;113355,6;
1988;Buenos Aires;;San Vicente;253;23;276;54;192;24515,2;28163,6;;;;;853;415;5088;635;60;110;3013;2075;;53192,8;33336,8;19856;;;;;53192,8;
1988;Buenos Aires;;Suipacha;333;24;357;118;212;81569,4;30500,4;;;;;11142,5;10038,5;26377,8;6972;3864,5;6111;6335,8;20042;;113730,8;47905,9;65824,9;;;;;113730,8;
1988;Buenos Aires;;Tandil;822;273;1095;445;633;294858,6;164923,8;;;;;105207,5;53943,5;130843,8;26409,5;69475;4450;40690,3;90153,5;;477023,7;116199,7;360824;;;;;477023,7;
1988;Buenos Aires;;Tapalqué;394;181;575;186;372;235632,5;145672,5;;;;;3982;2622;31569;2280;567;0;4465;27104;;403599;71965;331634;;;;;403599;
1988;Buenos Aires;;Tigre;135;0;135;27;112;397,4;2645,2;;;;;0;0;1;0;0;0;1;0;;3042,6;1773,6;0;;;;;1773,6;
1988;Buenos Aires;;Tordillo;89;25;114;10;116;55257,6;23822,5;;;;;46;0;2457,1;46;0;0;192,1;2265;;83563,1;10645;61085,6;;;;;71730,6;
1988;Buenos Aires;;Tornquist;391;232;623;222;396;214030,7;192844;;;;;89264;8330,5;89976;666;80517;264;60088;29888;;430353,7;98488,2;331865,5;;;;;430353,7;
1988;Buenos Aires;;Trenque Lauquen;563;259;822;284;524;248606,8;246351,5;;;;;19343,5;9267;124558,3;11473,5;3851;820;47944,5;76613,8;;509010,3;111263,5;397746,8;;;;;509010,3;
1988;Buenos Aires;;Tres Arroyos;681;361;1042;332;703;267574,3;284459,9;;;;;181833,1;95904,3;140174,5;9794;116670;225;40771,5;99403;;556836,7;150195,8;406640,9;;;;;556836,7;
1988;Buenos Aires;;Tres de Febrero;5;0;5;0;0;3;2,6;;;;;10080,4;0;0;2617,4;3963;0;0;0;;5,6;5,6;0;;;;;5,6;
1988;Buenos Aires;;Tres Lomas;331;54;385;124;258;61519;49300,8;;;;;0;6062;53947,5;0;0;61;24240,5;29707;;120425,8;49830,5;58448,3;;;;;108278,8;
1988;Buenos Aires;;25 de mayo;948;197;1145;345;794;213381,5;177636;;;;;33741;2283645,3;69304,1;21283;8928;10065,5;15681,5;53622,6;;398666,5;120252,9;278413,6;;;;;398666,5;
1988;Buenos Aires;;Vicente López;0;0;0;0;0;0;0;;;;;0;0;0;0;0;0;0;0;;0;0;0;;;;;0;
1988;Buenos Aires;;Villa Gesell;0;0;0;0;0;0;0;;;;;0;0;0;0;0;0;0;0;;0;0;0;;;;;0;
1988;Buenos Aires;;Villarino;982;365;1347;392;949;544240,3;355645,2;;;;;74839;4;180896,4;1841;61142;4;97213,2;83683,2;;911066,5;149823,5;761243;;;;;911066,5;
1988;Buenos Aires;;Zárate;492;11;503;152;357;34477,2;24933,6;;;;;8308;12162;5290,7;4316,5;3518;8085,5;1486,5;3804,2;;62748,8;33264,1;7734;;;;;40998,1;
1988;Buenos Aires;;Indeterminado;0;6;6;0;0;9595;3306;;;;;988;550;3708;640;348;0;848;2860;;12901;0;7236;;;;;7236;
