Año del censo;Provincia;Código del partido;Partido;EAPS pequeñas (<= 500ha);EAPS grandes (>500 ha);Total EAPS;Total de HA;Superficie promedio;HA ocupadas por EAPS pequeñas;HA ocupadas por EAPS grandes;EAPS en manos de Empresas;EAPS en manos de Personas Humanas;Superficie en manos de Empresas;Superficie en mano de Personas Humanas;Cantidad de Mujeres propietarias de EAPs;Cantidad de Hombres propietarios de EAPs;Mujeres Residentes (Personas Humanas);Mujeres Residente (Empresas);Mujeres Residentes del campo;Varones Residentes (Personas Humanas);Varones Residentes (Empresas);Varones Residentes del campo;Cantidad de hectáreas implantadas de Cereales;Cantidad de hectáreas implantadas de Oleaginosas;Cantidad de hectáreas implantadas de Forrajeras;Maiz para grano por hectárea;Trigo pan por hectárea;Soja por hectárea;Forrajeras anuales por hectáreas;Forrajeras perennes por hectáreas;Cantidad de hectareas dedicadas a Bosques y montes naturales;Proporcion de ha para bosques naturales e implantados respecto al total;Empleo;Prácticas orgánicasbiodinámicas/agroecológicas
2018;Provincia de Buenos Aires;6;Provincia de Buenos Aires;25563;11181;36744;23599666;642;4150112;19449554;9072;25433;11657123;9554807;5280;19671;19372;12163;31535;33226;23641;56867;3880253;4510442;2665266;"1558296,6";"1486062,7";3899005;"1604875,4";1060391;"603344,5";"2,56%";53782;550
2018;Provincia de Buenos Aires;7;Adolfo Alsina;346;208;554;496603;896;78471;418132;105;423;252875;207420;70;349;214;129;343;441;318;759;117979;54835;99032;"27003,5";"68174,3";"31022,5";74792;"24239,5";980;"0,20%";597;4
2018;Provincia de Buenos Aires;14;Adolfo Gonzales Chaves;136;150;286;334167;1168;33207;245268;77;204;160513;136574;54;148;72;68;140;183;161;344;77474;64575;29796;8901;38500;"60965,2";18797;10999;284;"0,08%";421;3
2018;Provincia de Buenos Aires;21;Alberti;181;26;207;85819;415;25967;34003;56;134;51718;25118;25;107;27;34;61;65;56;121;36735;34435;3618;"18916,1";15511;34435;1604;2014;165;"0,19%";215;0
2018;Provincia de Buenos Aires;28;Almirante Brown;44;0;44;845;19;401;0;0;43;400;436;10;33;78;0;78;144;0;144;400;28;4;0;0;28;4;0;0;0;92;7
2018;Provincia de Buenos Aires;77;Arrecifes;183;50;233;98490;423;29438;58104;86;136;55643;32403;19;114;242;72;314;256;233;489;37001;65303;3697;"17231,3";"14656,5";"64863,6";1144;"2552,5";"52,5";"0,05%";449;6
2018;Provincia de Buenos Aires;35;Avellaneda;0;0;0;38;0;11;0;0;3;0;24;2;1;8;0;8;7;0;7;0;0;0;0;0;0;0;0;0;0;11;0
2018;Provincia de Buenos Aires;42;Ayacucho;454;281;735;544429;741;89623;425468;200;494;310325;193466;151;336;289;293;582;414;524;938;19693;29790;59992;"14301,5";"2647,9";"15055,6";"33941,8";26050;"65,2";"0,01%";1076;7
2018;Provincia de Buenos Aires;49;Azul;411;257;668;498390;746;83268;398571;186;422;246110;186907;103;312;224;281;505;396;554;950;64505;78888;61365;"23248,5";23208;"67878,2";"30663,7";"30700,8";229;"0,05%";959;3
2018;Provincia de Buenos Aires;56;Bahía Blanca;165;100;265;194946;736;31164;146104;54;204;65206;106779;31;172;175;51;226;297;95;392;19378;30;34874;669;13313;30;"30677,5";4196;"3568,5";"1,83%";371;0
2018;Provincia de Buenos Aires;63;Balcarce;264;155;419;282926;675;51607;224897;179;222;186139;80701;45;174;130;187;317;280;408;688;60553;71987;46035;"25241,1";"22102,2";"45014,3";"15696,6";"30338,4";"1086,2";"0,38%";782;0
2018;Provincia de Buenos Aires;70;Baradero;138;56;194;92695;478;19098;57706;71;114;62589;26189;17;96;190;113;303;204;148;352;26901;45425;4180;"13000,6";"12977,7";"43484,2";"1387,5";2792;"377,9";"0,41%";251;0
2018;Provincia de Buenos Aires;84;Benito Juárez;267;237;504;444646;882;55096;372102;152;329;227541;187002;76;249;169;178;347;356;354;710;55257;59039;38565;"10067,5";"21317,9";"48095,9";"23685,3";"14879,9";1665;"0,37%";672;11
2018;Provincia de Buenos Aires;91;Berazategui;279;0;279;797;3;797;0;4;281;27;760;63;208;386;0;386;520;0;520;40;60;0;40;0;60;0;0;5;"0,63%";128;0
2018;Provincia de Buenos Aires;98;Berisso;44;0;44;3784;86;1316;0;0;46;2542;1236;7;35;24;0;24;36;0;36;0;0;1;0;0;0;"1,2";0;"42,8";"1,13%";9;8
2018;Provincia de Buenos Aires;105;Bolívar;693;178;871;371279;426;115953;255327;142;675;152210;182035;147;517;265;160;425;538;251;789;45848;74508;38404;"31680,8";"4963,2";"62163,7";"21681,2";"16723,1";"6528,5";"1,76%";676;6
2018;Provincia de Buenos Aires;112;Bragado;212;78;290;152857;527;35574;93355;102;176;88111;56537;34;137;90;86;176;138;127;265;45228;59096;8237;"26452,9";15104;"59096,3";"2695,5";"5541,7";"324,1";"0,21%";349;3
2018;Provincia de Buenos Aires;119;Brandsen;148;36;184;66522;362;26318;40204;39;133;29734;28867;32;98;147;130;277;214;173;387;120;190;5282;30;90;190;3443;1839;118;"0,18%";775;0
2018;Provincia de Buenos Aires;126;Campana;124;16;140;44313;317;11630;28563;30;107;27881;14917;19;87;187;102;289;257;160;417;3182;3533;792;1322;"1859,8";"3532,8";153;"638,5";"77,3";"0,17%";165;5
2018;Provincia de Buenos Aires;134;Cañuelas;157;37;194;76777;396;27735;35524;56;122;30543;32570;28;92;160;135;295;198;174;372;3042;3857;6971;2207;"830,5";3857;"3621,9";"3348,6";208;"0,27%";407;0
2018;Provincia de Buenos Aires;140;Capitán Sarmiento;128;15;143;36123;253;16420;16300;50;87;20828;12766;25;60;44;59;103;66;141;207;14338;23420;5158;7637;"6081,5";"23419,6";1722;3436;207;"0,57%";275;0
2018;Provincia de Buenos Aires;147;Carlos Casares;184;57;241;149120;619;33754;78109;62;169;96342;41892;37;128;45;110;155;92;216;308;31734;44556;21780;"16265,2";"11934,5";"42560,2";9973;11807;614;"0,41%";710;0
2018;Provincia de Buenos Aires;154;Carlos Tejedor;284;125;409;225587;552;54678;160158;95;282;98641;92016;67;205;76;73;149;222;217;439;38287;67759;26369;"21615,5";"11684,5";64024;10355;"16013,5";37;"0,02%";491;0
2018;Provincia de Buenos Aires;161;Carmen de Areco;61;43;104;71119;684;12723;52033;50;50;46401;19014;10;40;28;76;104;55;159;214;12579;26554;5325;8604;"3330,2";"26553,7";"2157,5";"3167,4";"5332,8";"7,50%";384;0
2018;Provincia de Buenos Aires;168;Castelli;59;73;132;187488;1420;13456;128729;50;76;132061;42482;18;58;35;110;145;113;243;356;3890;5741;13566;"3293,5";596;4264;"7334,5";"6231,9";57;"0,03%";274;0
2018;Provincia de Buenos Aires;210;Chacabuco;350;66;416;149834;360;51801;83280;131;247;83613;53447;45;196;112;38;150;184;129;313;43436;75371;8903;"23631,1";18970;"75274,1";"3423,1";"5479,5";"344,7";"0,23%";369;0
2018;Provincia de Buenos Aires;218;Chascomús;334;154;488;250421;513;65828;171429;131;336;121548;109883;93;237;206;143;349;420;277;697;13060;14443;16545;"8596,3";"3259,7";12884;7730;"8814,5";"500,8";"0,20%";541;0
2018;Provincia de Buenos Aires;224;Chivilcoy;332;57;389;119530;307;48154;62176;91;267;53148;57232;39;227;153;31;184;333;65;398;38485;60034;5129;"21541,8";"15151,9";"60009,2";"1937,2";"3191,8";"818,5";"0,68%";317;8
2018;Provincia de Buenos Aires;175;Colón;216;29;245;68749;281;30429;36133;72;163;35240;28050;26;131;56;25;81;95;41;136;22437;37396;2742;"12597,7";"9385,5";"37396,1";539;2203;"111,1";"0,16%";139;0
2018;Provincia de Buenos Aires;182;Coronel de Marina Leonardo Rosales;79;35;114;85494;750;12106;51183;22;86;37206;33201;11;72;54;23;77;111;53;164;26970;0;21336;1451;11214;0;13290;8046;306;"0,36%";165;6
2018;Provincia de Buenos Aires;189;Coronel Dorrego;162;197;359;512588;1428;43545;469015;106;234;245229;231393;29;203;185;52;237;584;191;775;227055;66711;65992;"43264,5";71004;48597;"58521,3";7471;122;"0,02%";425;0
2018;Provincia de Buenos Aires;196;Coronel Pringles;292;213;505;458521;908;66795;383706;116;368;205587;224949;63;299;74;51;125;413;177;590;77627;48782;60813;"10424,7";50136;"33752,7";"53505,3";7308;"106,2";"0,02%";534;0
2018;Provincia de Buenos Aires;203;Coronel Suárez;454;257;711;516911;727;90811;400907;168;501;236473;224800;94;385;196;220;416;582;424;1006;141403;105887;84345;"25518,4";"84355,1";"79794,5";"51658,5";"32686,7";400;"0,08%";856;10
2018;Provincia de Buenos Aires;231;Daireaux;259;142;401;338111;843;47531;236392;156;230;217247;87087;39;191;93;262;355;165;499;664;44478;71765;45757;"29304,6";"9415,5";"65059,6";19495;"26262,4";1141;"0,34%";660;0
2018;Provincia de Buenos Aires;238;Dolores;100;57;157;138153;880;26031;104877;33;124;35213;98607;32;91;81;17;98;123;48;171;500;6;5020;500;0;6;3665;1355;600;"0,43%";169;0
2018;Provincia de Buenos Aires;245;Ensenada;6;0;6;641;107;119;0;0;14;0;641;2;11;9;0;9;12;0;12;0;0;0;0;0;0;0;0;0;0;11;0
2018;Provincia de Buenos Aires;252;Escobar;32;0;32;3521;110;1982;0;0;35;978;2543;1;34;18;1;19;59;1;60;0;175;1084;0;0;175;99;"984,7";463;"13,15%";37;0
2018;Provincia de Buenos Aires;260;Esteban Echeverría;23;0;23;429;19;131;0;0;27;0;425;1;26;37;3;40;63;4;67;3;0;77;2;0;0;0;77;"36,5";"8,51%";18;12
2018;Provincia de Buenos Aires;266;Exaltación de la Cruz;121;18;139;45318;326;13104;20167;46;89;25114;18341;19;69;117;145;262;180;265;445;13138;18162;5611;7745;"4378,4";"17735,4";2245;"3365,5";316;"0,70%";360;0
2018;Provincia de Buenos Aires;270;Ezeiza;3;0;3;3060;1020;11;0;4;0;2967;5;0;1;4;1;5;6;4;10;60;352;60;0;60;352;60;0;492;"16,08%";14;0
2018;Provincia de Buenos Aires;274;Florencio Varela;427;0;427;1397;3;1397;0;3;415;72;1311;115;285;787;10;797;983;6;989;176;200;1;26;150;200;0;"0,5";"0,8";"0,06%";282;13
2018;Provincia de Buenos Aires;277;Florentino Ameghino;62;70;132;154322;1169;12527;125022;51;71;97459;32176;16;55;57;68;125;117;177;294;27019;40610;16602;17895;"8777,5";"36850,5";"8213,8";8388;118;"0,08%";348;0
2018;Provincia de Buenos Aires;280;General Alvarado;76;58;134;139532;1041;11890;104665;55;56;81482;31430;10;42;49;144;193;98;185;283;37853;53607;9539;"12509,4";18301;"32459,1";"2421,4";"7117,5";374;"0,27%";288;3
2018;Provincia de Buenos Aires;287;General Alvear;161;119;280;273018;975;34920;219259;102;163;180694;63591;43;119;136;212;348;238;323;561;14481;14636;29878;12950;1100;11338;15555;14323;"613,8";"0,22%";401;3
2018;Provincia de Buenos Aires;294;General Arenales;234;52;286;92368;323;35162;49434;74;202;45277;38890;28;169;29;5;34;65;16;81;29539;51105;2090;"18740,7";"10239,4";"51105,2";287;"1802,5";"9,5";"0,01%";126;0
2018;Provincia de Buenos Aires;301;General Belgrano;101;60;161;140910;875;17653;115514;54;104;86680;45235;27;77;91;122;213;127;218;345;13690;20347;8871;"9901,4";"2963,2";"18675,1";2950;5921;67;"0,05%";253;0
2018;Provincia de Buenos Aires;308;General Guido;207;102;309;215435;697;49306;117976;59;249;82355;129067;80;165;119;111;230;275;129;404;3852;3697;5836;2448;791;2937;"5217,5";618;67;"0,03%";335;0
2018;Provincia de Buenos Aires;315;General Juan Madariaga;152;100;252;257437;1022;31669;186661;67;174;119806;88272;57;114;117;86;203;197;197;394;11890;14811;18678;"8549,5";"3297,1";"8882,3";6606;12072;460;"0,18%";307;0
2018;Provincia de Buenos Aires;322;General La Madrid;173;187;360;410420;1140;41613;355563;92;248;213184;163871;62;176;132;179;311;281;447;728;51825;44687;83489;"10856,2";27829;25646;39966;"43523,3";46;"0,01%";599;0
2018;Provincia de Buenos Aires;329;General Las Heras;189;25;214;53219;249;31610;21609;52;149;21276;29036;25;122;139;119;258;209;170;379;2011;1668;6532;"1368,5";566;"1667,5";"4181,5";2350;149;"0,28%";351;0
2018;Provincia de Buenos Aires;336;General Lavalle;121;104;225;232955;1035;27703;181407;47;176;99302;118712;37;138;140;60;200;197;126;323;627;800;6029;627;0;120;3293;"2735,9";"646,2";"0,28%";233;0
2018;Provincia de Buenos Aires;343;General Paz;260;33;293;74291;254;40429;24298;64;224;29123;39543;44;176;229;83;312;255;149;404;2301;2987;11706;1445;730;"2924,7";7586;4120;54;"0,07%";303;0
2018;Provincia de Buenos Aires;351;General Pinto;134;71;205;190780;931;28317;101868;81;106;99183;50358;22;78;62;67;129;110;164;274;38048;57491;16145;"21289,5";15056;55565;"10153,5";"5991,5";"199,5";"0,10%";466;0
2018;Provincia de Buenos Aires;357;General Pueyrredón;275;35;310;71922;232;18407;40759;89;218;53062;12223;26;186;463;317;780;719;590;1309;20214;26959;7493;"8100,5";"9064,3";"18602,2";3616;"3876,5";"529,2";"0,74%";902;6
2018;Provincia de Buenos Aires;364;General Rodríguez;67;7;74;12825;173;5253;5923;11;60;3702;8181;10;49;89;42;131;191;53;244;1685;2622;1590;819;838;2622;"204,5";"1385,9";0;0;178;0
2018;Provincia de Buenos Aires;371;General San Martín;0;0;0;0;0;0;0;0;0;0;0;0;0;0;0;0;0;0;0;0;0;0;0;0;0;0;0;0;0;0;0
2018;Provincia de Buenos Aires;385;General Viamonte;165;85;250;141960;568;28814;107757;76;155;70778;59264;25;123;71;48;119;105;93;198;28692;54520;8561;"17718,4";9041;54520;5227;3334;"1031,5";"0,73%";357;0
2018;Provincia de Buenos Aires;392;General Villegas;310;235;545;506935;930;64707;369407;180;325;288790;142673;64;253;115;214;329;308;448;756;97798;191852;44875;"69018,6";25009;"189412,9";"16411,6";"28463,5";"575,5";"0,11%";1033;3
2018;Provincia de Buenos Aires;399;Guaminí;362;204;566;443384;783;71482;352555;144;390;210179;193257;54;332;183;219;402;327;393;720;66420;87524;98207;"33169,5";"23672,5";"65980,3";51234;46973;281;"0,06%";862;21
2018;Provincia de Buenos Aires;406;Hipólito Yrigoyen;120;46;166;117190;706;19976;68786;45;115;70014;41240;17;97;48;60;108;51;187;238;32395;47216;9439;"18465,6";"8730,5";"43634,1";6631;2808;439;"0,37%";238;0
2018;Provincia de Buenos Aires;408;Hurlingham;0;0;0;5;0;5;0;0;0;0;0;0;0;0;0;0;1;0;1;0;0;0;0;0;0;0;0;3;"57,69%";4;0
2018;Provincia de Buenos Aires;410;Ituzaingó;0;0;0;1;0;1;0;0;0;0;0;0;1;0;0;0;0;0;0;0;0;0;0;0;0;0;0;0;0;2;0
2018;Provincia de Buenos Aires;412;"José C, Paz";6;0;6;9;1;9;0;0;5;2;7;0;5;2;0;2;12;1;13;0;0;0;0;0;0;0;0;"0,5";"5,62%";3;0
2018;Provincia de Buenos Aires;413;Junín;407;71;478;148080;310;58615;77243;109;334;63879;55865;59;272;478;44;522;411;113;524;38701;74998;8389;"20491,3";"15600,8";"74998,2";3995;4394;"440,7";"0,30%";480;0
2018;Provincia de Buenos Aires;420;La Costa;9;0;9;3613;401;2335;0;0;11;0;3214;1;10;3;0;3;4;0;4;40;0;0;40;0;0;0;0;0;0;5;0
2018;Provincia de Buenos Aires;427;La Matanza;9;0;9;2913;324;1183;0;0;10;1588;1071;0;9;12;0;12;26;0;26;386;1230;340;80;226;"1229,7";70;270;8;"0,27%";31;0
2018;Provincia de Buenos Aires;434;Lanús;0;0;0;0;0;0;0;0;0;0;0;0;0;0;0;0;0;0;0;0;0;0;0;0;0;0;0;0;0;0;0
2018;Provincia de Buenos Aires;441;La Plata;1643;13;1656;32241;19;17980;10835;69;1561;10259;20758;518;1029;3014;130;3144;3835;535;4370;535;448;2697;256;35;448;"1747,5";"949,6";"123,7";"0,38%";3387;30
2018;Provincia de Buenos Aires;448;Laprida;164;167;331;328240;992;33060;282560;88;209;145652;129435;49;143;326;155;481;482;235;717;14547;9323;29919;"2669,9";"8394,9";8042;"19072,3";"10846,5";253;"0,08%";423;0
2018;Provincia de Buenos Aires;455;Las Flores;280;106;386;245587;636;48600;196988;95;278;132857;97612;71;205;172;152;324;347;227;574;11377;16285;17018;"8956,5";1963;11051;"10147,5";"6870,9";"939,7";"0,38%";362;0
2018;Provincia de Buenos Aires;462;"Leandro N, Alem";122;56;178;116205;653;21558;63963;50;123;60558;49075;36;85;109;39;148;216;98;314;28834;48651;4164;"19226,7";9255;"48651,3";2997;"1166,5";162;"0,14%";281;0
2018;Provincia de Buenos Aires;466;Lezama;193;40;233;74540;320;29055;35079;54;175;33547;36578;36;138;51;12;63;155;68;223;6213;7277;7618;"4113,5";1944;5675;3313;4305;200;"0,27%";177;0
2018;Provincia de Buenos Aires;469;Lincoln;444;205;649;510767;787;69758;421930;197;418;313300;134891;116;293;225;287;512;448;507;955;76769;115424;33586;"44163,5";27559;"112505,6";"17040,8";16545;2053;"0,40%";1220;29
2018;Provincia de Buenos Aires;476;Lobería;235;181;416;342174;823;48988;252741;161;216;181909;99310;36;178;101;170;271;294;345;639;117425;132597;38019;"33807,3";37773;"88199,2";14222;23797;"1109,5";"0,32%";775;0
2018;Provincia de Buenos Aires;483;Lobos;309;60;369;119873;325;49491;52760;100;247;55055;49534;46;196;188;206;394;379;341;720;24724;28711;10823;"15755,7";"7022,8";27431;7927;2896;"443,5";"0,37%";618;0
2018;Provincia de Buenos Aires;490;Lomas de Zamora;0;0;0;1282;0;0;0;0;0;0;322;0;2;2;0;2;12;0;12;0;0;128;0;0;0;"87,5";"40,5";90;"7,02%";16;0
2018;Provincia de Buenos Aires;497;Luján;133;29;162;43605;269;13203;26505;58;90;26046;8785;19;71;112;128;240;166;168;334;9224;14723;3215;"5950,5";"2110,9";"14652,4";1607;1608;"609,3";"1,40%";205;3
2018;Provincia de Buenos Aires;505;Magdalena;261;60;321;132389;412;45774;70239;70;240;60489;63311;55;181;177;87;264;275;139;414;2755;1299;9425;2392;108;1299;"6865,2";2560;"1125,3";"0,85%";366;0
2018;Provincia de Buenos Aires;511;Maipú;119;121;240;218286;910;26683;183801;57;169;95319;106556;55;114;184;46;230;295;143;438;6007;6634;8644;4234;1286;4038;"6696,5";1947;213;"0,10%";439;0
2018;Provincia de Buenos Aires;515;Malvinas Argentinas;14;0;14;14;1;14;0;0;13;1;12;2;10;18;0;18;28;0;28;0;0;0;0;0;0;0;0;0;0;23;0
2018;Provincia de Buenos Aires;518;Mar Chiquita;187;129;316;247427;783;37303;194965;114;182;141297;77923;45;135;128;170;298;224;311;535;15438;17439;47416;"11773,4";"3041,5";"9112,5";13592;"33823,6";631;"0,26%";715;0
2018;Provincia de Buenos Aires;525;Marcos Paz;148;14;162;25135;155;13423;11712;22;127;5411;15957;17;96;165;103;268;251;141;392;3974;3943;3945;"1456,3";"1769,5";"3936,5";2696;"1248,9";42;"0,17%";238;3
2018;Provincia de Buenos Aires;532;Mercedes;208;38;246;82116;334;25873;40946;58;168;45497;34548;31;134;151;88;239;244;190;434;10350;14586;9944;"6219,1";3666;"14585,9";3452;"6491,9";"544,3";"0,66%";358;5
2018;Provincia de Buenos Aires;539;Merlo;45;0;45;1896;42;388;0;6;39;102;765;2;35;37;0;37;211;9;220;543;885;288;"81,5";210;"884,6";120;168;"4,5";"0,24%";122;0
2018;Provincia de Buenos Aires;547;Monte;139;54;193;130429;676;24954;69134;55;130;72046;35833;34;95;123;176;299;159;218;377;20054;25174;13042;"13164,3";"6399,9";"23343,3";"7778,9";"5262,6";209;"0,16%";164;0
2018;Provincia de Buenos Aires;553;Monte Hermoso;0;0;0;14178;0;0;688;0;0;13490;688;0;1;4;10;14;3;9;12;0;0;836;0;0;0;816;20;"11,5";"0,08%";16;0
2018;Provincia de Buenos Aires;560;Moreno;52;0;52;1085;21;198;0;3;44;54;211;5;39;51;5;56;73;4;77;85;83;6;2;83;83;0;6;0;0;155;0
2018;Provincia de Buenos Aires;568;Morón;0;0;0;2;0;2;0;0;0;2;0;0;0;0;0;0;0;0;0;0;0;0;0;0;0;0;0;0;0;0;0
2018;Provincia de Buenos Aires;574;Navarro;205;69;274;120391;439;38097;77191;78;187;59159;54326;48;137;305;97;402;367;169;536;19115;30743;19199;"10669,1";7910;"30743,2";10004;"9195,3";"224,1";"0,19%";564;0
2018;Provincia de Buenos Aires;581;Necochea;196;163;359;342900;955;41639;267149;102;234;154547;132747;46;183;237;160;397;430;289;719;116782;138412;44793;"25837,4";"40557,1";"93747,4";"19157,1";"25635,9";"343,6";"0,10%";705;25
2018;Provincia de Buenos Aires;588;9 de julio;508;166;674;320229;475;88425;220830;208;422;163505;129723;105;309;331;165;496;578;433;1011;67955;106725;34211;"36344,8";"28218,8";"105413,9";"14565,5";19645;"805,5";"0,25%";951;10
2018;Provincia de Buenos Aires;595;Olavarría;372;272;644;662758;1029;80172;558720;184;428;369239;228411;95;325;288;298;586;428;587;1015;36562;48402;73193;11711;15561;"39638,4";40641;"32552,4";472;"0,07%";858;0
2018;Provincia de Buenos Aires;602;Patagones;270;485;755;1173839;1555;70816;1103023;90;642;326544;819043;76;560;173;42;215;544;169;713;51294;4585;141295;3403;31950;30;125866;15429;"312390,2";"26,61%";535;6
2018;Provincia de Buenos Aires;609;Pehuajó;302;131;433;393074;908;56850;296026;128;275;226912;86445;61;209;96;178;274;206;514;720;87171;117939;20295;"45199,5";"32945,9";"111041,7";11748;"8546,7";298;"0,08%";858;6
2018;Provincia de Buenos Aires;616;Pellegrini;132;52;184;143079;778;25206;82602;50;131;73022;55389;31;96;65;82;147;121;168;289;33817;59846;23151;"26391,5";"3656,5";40818;11841;11310;379;"0,26%";372;5
2018;Provincia de Buenos Aires;623;Pergamino;506;105;611;206100;337;79013;117419;184;404;110718;87984;64;329;124;192;316;317;275;592;60507;131512;12281;"27820,2";"26740,4";"131512,2";"3431,6";"8849,6";"436,5";"0,21%";854;5
2018;Provincia de Buenos Aires;630;Pila;121;90;211;242441;1149;22613;219819;54;142;119858;66445;36;103;300;139;439;595;222;817;7010;4861;6356;"5892,5";1048;3932;"4253,5";"2102,4";79;"0,03%";541;0
2018;Provincia de Buenos Aires;638;Pilar;85;0;85;2282;27;1447;0;17;69;641;1640;8;60;88;9;97;157;59;216;115;443;37;80;35;443;0;37;48;"2,10%";243;0
2018;Provincia de Buenos Aires;644;Pinamar;0;0;0;0;0;0;0;0;0;0;0;0;0;0;0;0;0;0;0;0;0;0;0;0;0;0;0;0;0;0;0
2018;Provincia de Buenos Aires;648;Presidente Perón;20;0;20;985;49;629;0;0;21;6;979;4;14;26;0;26;40;0;40;0;0;65;0;0;0;30;35;0;0;12;0
2018;Provincia de Buenos Aires;651;Puán;411;276;687;539090;785;105579;397102;101;566;187270;330563;94;464;284;56;340;477;138;615;85476;4621;96626;3561;46496;2279;"83957,7";"12668,5";"43386,5";"8,05%";518;4
2018;Provincia de Buenos Aires;655;Punta Indio;122;89;211;146943;696;23794;108060;35;147;33367;84473;37;101;99;40;139;218;84;302;78;0;3346;78;0;0;2413;933;"1451,2";"0,99%";225;0
2018;Provincia de Buenos Aires;658;Quilmes;0;0;0;97;0;43;0;0;3;0;92;1;2;4;3;7;7;1;8;0;0;0;0;0;0;0;0;5;"5,18%";4;0
2018;Provincia de Buenos Aires;665;Ramallo;146;32;178;64709;364;21900;32791;45;124;33599;26440;10;113;31;8;39;110;61;171;19781;50320;1200;"8883,9";"9434,9";"50212,2";324;876;7;"0,01%";242;3
2018;Provincia de Buenos Aires;672;Rauch;429;192;621;364028;586;81954;269522;139;451;158853;165426;118;331;220;162;382;492;253;745;7235;8244;23401;"5349,5";923;"4471,5";"19013,5";4387;"602,5";"0,17%";645;35
2018;Provincia de Buenos Aires;679;Rivadavia;146;148;294;313383;1066;32663;252160;112;166;183663;97246;25;139;90;159;249;238;333;571;81377;129631;32131;"55791,6";"20032,1";"119427,3";17978;14153;86;"0,03%";733;0
2018;Provincia de Buenos Aires;686;Rojas;327;87;414;176633;427;48658;104789;83;305;89746;65325;41;256;116;103;219;195;161;356;58145;89189;10550;"33371,4";"22358,7";"88859,7";4307;"6242,5";"244,8";"0,14%";513;0
2018;Provincia de Buenos Aires;693;Roque Pérez;186;48;234;108460;464;26180;65548;46;176;55921;42533;33;142;106;73;179;178;121;299;14540;24825;4989;"9667,9";"4609,5";"23584,8";"1810,2";"3178,4";"539,8";"0,50%";491;0
2018;Provincia de Buenos Aires;700;Saavedra;289;167;456;292240;641;69384;204652;80;351;106178;156103;50;298;170;73;243;277;152;429;69445;24452;74023;10333;38116;17715;"61643,8";12379;664;"0,23%";507;15
2018;Provincia de Buenos Aires;707;Saladillo;489;75;564;170983;303;63748;107235;82;451;65708;78300;88;351;244;140;384;388;220;608;19666;31755;14198;"16736,9";2687;"30752,2";"8240,5";5957;"1379,8";"0,81%";429;11
2018;Provincia de Buenos Aires;721;Salliqueló;116;26;142;73989;521;21014;37677;24;106;41529;26586;17;87;8;22;30;56;52;108;11426;26853;18680;9621;801;18540;11926;6754;137;"0,19%";179;0
2018;Provincia de Buenos Aires;714;Salto;280;64;344;115353;335;34971;74882;95;232;59348;49409;37;193;72;35;107;177;72;249;40481;76220;3511;"19046,2";19758;"76107,5";2052;1459;"86,5";"0,07%";358;3
2018;Provincia de Buenos Aires;728;San Andrés de Giles;108;26;134;47901;357;14603;29812;52;78;33319;14232;11;65;38;53;91;81;91;172;24136;39244;6615;"11424,7";"11404,5";"39011,2";"982,5";"5632,6";"179,5";"0,37%";185;0
2018;Provincia de Buenos Aires;735;San Antonio de Areco;88;45;133;77299;581;16002;55254;53;69;34477;29944;14;53;43;107;150;74;244;318;29505;38796;5843;"16116,3";"12630,2";"38311,7";1544;4299;34;"0,04%";409;0
2018;Provincia de Buenos Aires;742;San Cayetano;147;131;278;246665;887;33807;191371;61;190;104235;120508;29;161;92;48;140;263;121;384;79200;74803;26378;"14392,5";"30379,6";"51185,1";12041;"14337,1";340;"0,14%";349;0
2018;Provincia de Buenos Aires;749;San Fernando;57;10;67;25454;380;7783;6081;4;50;8805;9672;6;43;14;0;14;77;0;77;0;0;140;0;0;0;140;0;"1662,5";"6,53%";6;0
2018;Provincia de Buenos Aires;756;San Isidro;0;0;0;0;0;0;0;0;0;0;0;0;0;0;0;0;0;0;0;0;0;0;0;0;0;0;0;0;0;0;0
2018;Provincia de Buenos Aires;760;San Miguel;0;0;0;0;0;0;0;0;0;0;0;0;1;1;0;1;1;0;1;0;0;0;0;0;0;0;0;0;0;0;0
2018;Provincia de Buenos Aires;763;San Nicolás;154;23;177;44189;250;23912;18702;31;142;12777;27847;22;114;50;11;61;184;17;201;10890;30631;799;3915;5525;"30615,7";141;658;28;"0,06%";59;0
2018;Provincia de Buenos Aires;770;San Pedro;329;42;371;92566;250;35452;47346;113;255;54950;30615;26;226;189;143;332;409;197;606;25033;49755;1358;"12213,7";"11767,3";"49246,3";"1121,5";"236,8";"190,7";"0,21%";902;6
2018;Provincia de Buenos Aires;778;San Vicente;197;18;215;40966;191;24380;14086;31;163;13083;25239;40;123;138;27;165;133;43;176;720;335;1798;575;145;335;"1163,7";634;0;0;114;0
2018;Provincia de Buenos Aires;784;Suipacha;105;41;146;118290;810;16869;50711;46;93;87411;26725;16;75;78;173;251;134;265;399;9394;19043;9644;5139;3809;"19042,8";4914;4730;68;"0,06%";291;0
2018;Provincia de Buenos Aires;791;Tandil;298;181;479;321930;672;57011;256497;173;257;188923;97665;48;197;222;407;629;387;621;1008;104982;121193;50927;"38040,9";"22448,6";"90159,5";"31802,7";"19124,6";"1259,2";"0,39%";1201;10
2018;Provincia de Buenos Aires;798;Tapalqué;147;143;290;353714;1220;33122;295064;83;191;169140;142996;57;130;108;123;231;227;296;523;9260;10792;23533;"6908,5";962;"7589,5";"10912,5";12620;"380,5";"0,11%";490;0
2018;Provincia de Buenos Aires;805;Tigre;45;0;45;2087;46;2087;0;3;19;30;403;1;17;16;0;16;92;0;92;0;0;0;0;0;0;0;0;"48,3";"2,31%";2;0
2018;Provincia de Buenos Aires;812;Tordillo;66;29;95;100541;1058;12310;66151;16;76;61622;27310;20;56;21;78;99;75;108;183;0;0;1241;0;0;0;860;381;0;0;112;0
2018;Provincia de Buenos Aires;819;Tornquist;212;198;410;374680;914;57539;282660;95;297;154284;184361;46;248;221;144;365;381;185;566;50557;4523;89040;6492;23652;1808;"75150,5";13889;1676;"0,45%";533;13
2018;Provincia de Buenos Aires;826;Trenque Lauquen;179;161;340;430227;1265;44478;354748;140;165;275574;94619;41;121;169;473;642;363;967;1330;89972;128401;86399;54704;"25316,5";"103980,9";46680;"39718,5";"167,4";"0,04%";1248;0
2018;Provincia de Buenos Aires;833;Tres Arroyos;282;269;551;477294;866;67574;409710;171;349;215390;231877;46;292;195;72;267;376;170;546;201100;170291;64100;"39078,5";"76115,5";"128099,7";"34230,5";"29869,1";"1988,6";"0,42%";625;13
2018;Provincia de Buenos Aires;840;Tres de Febrero;0;0;0;353;0;0;0;0;0;0;353;0;1;0;0;0;2;0;2;0;0;0;0;0;0;0;0;0;0;0;0
2018;Provincia de Buenos Aires;847;Tres Lomas;100;28;128;86308;674;20097;54472;26;95;42102;28902;13;81;29;11;40;73;81;154;18721;37911;9480;"13903,5";2418;"25532,5";6745;2735;619;"0,72%";177;0
2018;Provincia de Buenos Aires;854;25 de mayo;433;170;603;381085;632;82597;292407;205;360;221812;109112;74;282;316;274;590;394;537;931;70461;107546;44495;"38977,1";26144;"104746,3";"18663,9";"25831,5";5662;"1,49%";1182;0
2018;Provincia de Buenos Aires;861;Vicente López;0;0;0;0;0;0;0;0;0;0;0;0;0;0;0;0;0;0;0;0;0;0;0;0;0;0;0;0;0;0;0
2018;Provincia de Buenos Aires;868;Villa Gesell;0;0;0;0;0;0;0;0;0;0;0;0;0;0;0;0;0;0;0;0;0;0;0;0;0;0;0;0;0;0;0
2018;Provincia de Buenos Aires;875;Villarino;310;322;632;849232;1344;70328;778904;127;463;381560;366823;62;388;290;139;429;595;377;972;28814;2423;113037;"3407,9";14978;0;76529;36508;"181846,7";"21,41%";854;5
2018;Provincia de Buenos Aires;882;Zárate;31;14;45;51472;1144;3569;39248;16;39;23181;10671;4;33;76;11;87;83;25;108;8225;15440;1437;4181;"3711,3";"15132,3";352;1085;467;"0,91%";105;0
2002;Provincia de Buenos Aires;6;Provincia de Buenos Aires;38344;12763;51107;25788670;505;5828911;19959758;14461;36262;13457692;11912495;0;0;43556;15813;59369;65009;26575;91584;4042566;3493022;4312182;"858769,8";"2801763,7";"2573962,7";"1325413,9";"2986768,2";"884827,3";0;41639;0
2002;Provincia de Buenos Aires;7;Adolfo Alsina;545;260;805;450109;559;123232;326878;182;613;148298;289727;0;0;701;161;862;1065;154;1219;131184;44916;152592;4719;101935;12462;"78015,5";"74576,5";"1295,3";0;442;0
2002;Provincia de Buenos Aires;14;Adolfo Gonzales Chaves;166;180;346;302586;875;36803;265783;119;227;165439;137147;0;0;205;86;291;368;214;582;81810;51348;76400;3069;69857;10074;16300;60100;"345,7";0;307;0
2002;Provincia de Buenos Aires;21;Alberti;236;51;287;117297;409;35430;81867;81;205;76073;41078;0;0;189;125;314;268;202;470;47040;47633;4334;"15975,4";"26396,5";"47502,3";1666;"2667,5";2674;0;185;0
2002;Provincia de Buenos Aires;28;Almirante Brown;40;0;40;388;10;388;0;20;19;0;152;0;0;42;0;42;67;2;69;0;0;10;0;0;0;0;"9,5";30;0;17;0
2002;Provincia de Buenos Aires;77;Arrecifes;148;44;192;83412;434;26356;57056;76;115;52670;26141;0;0;175;99;274;242;132;374;25385;49629;7367;"12697,5";12476;48987;1093;"6273,5";"734,7";0;184;0
2002;Provincia de Buenos Aires;35;Avellaneda;18;0;18;89;5;89;0;5;13;31;58;0;0;37;0;37;30;0;30;0;0;0;0;0;0;0;"0,1";"24,1";0;0;0
2002;Provincia de Buenos Aires;42;Ayacucho;608;327;935;585149;626;125579;459570;260;670;313419;262487;0;0;673;282;955;1150;455;1605;13383;8290;69757;5773;"7207,9";"1313,5";"13229,8";"56526,8";"426,5";0;749;0
2002;Provincia de Buenos Aires;49;Azul;559;329;888;685448;772;113401;572047;278;604;386232;281260;0;0;783;336;1119;1210;585;1795;101376;83747;100869;"19621,5";79785;69937;"23428,5";"77440,5";"730,2";0;1067;0
2002;Provincia de Buenos Aires;56;Bahía Blanca;156;110;266;214657;807;32923;181734;59;202;102259;106468;0;0;284;64;348;407;118;525;27100;140;58346;30;22962;70;39196;19150;7666;0;246;0
2002;Provincia de Buenos Aires;63;Balcarce;375;171;546;324689;595;60228;264461;234;302;216221;89877;0;0;480;304;784;711;545;1256;71399;42204;82681;"14319,3";"55248,9";"16470,5";11590;"71091,2";"2273,3";0;677;0
2002;Provincia de Buenos Aires;70;Baradero;161;47;208;68856;331;19130;49726;85;121;48132;20209;0;0;220;128;348;302;221;523;22318;33391;6488;"9277,7";12987;"32932,1";1395;"5093,2";"488,3";0;234;0
2002;Provincia de Buenos Aires;84;Benito Juárez;289;225;514;424063;825;58143;365920;161;352;187062;217362;0;0;411;160;571;697;298;995;48397;31013;64596;"5455,5";40377;11908;11474;"53121,5";"221,5";0;570;0
2002;Provincia de Buenos Aires;91;Berazategui;90;1;91;2671;29;1421;1250;9;82;0;1107;0;0;173;0;173;242;4;246;0;0;0;0;0;0;0;0;127;0;53;0
2002;Provincia de Buenos Aires;98;Berisso;106;2;108;7326;68;3671;3655;9;99;0;3797;0;0;98;1;99;115;1;116;0;0;61;0;0;0;0;61;"740,7";0;15;0
2002;Provincia de Buenos Aires;105;Bolívar;1269;215;1484;442143;298;168194;273949;300;1179;175202;265071;0;0;861;167;1028;1337;254;1591;21787;18133;57079;"6110,5";"14479,7";15324;"11083,5";"45995,9";"2093,4";0;596;0
2002;Provincia de Buenos Aires;112;Bragado;516;103;619;198917;321;72744;126173;156;462;81016;107164;0;0;352;99;451;548;178;726;58056;71626;19798;"16469,5";"33549,1";"71520,9";1618;"18180,2";"1622,6";0;244;0
2002;Provincia de Buenos Aires;119;Brandsen;266;50;316;97366;308;43920;53446;88;227;53447;42821;0;0;275;120;395;406;218;624;603;355;10993;443;160;40;3623;"7370,3";434;0;306;0
2002;Provincia de Buenos Aires;126;Campana;112;17;129;46737;362;10550;36187;35;93;33067;12986;0;0;154;106;260;235;169;404;2361;5734;631;559;1602;5634;310;321;"17571,4";0;210;0
2002;Provincia de Buenos Aires;134;Cañuelas;183;35;218;62164;285;27729;34435;62;154;28981;31653;0;0;95;109;204;200;160;360;4425;3406;5274;2042;2356;3221;"1067,5";4206;"429,8";0;0;0
2002;Provincia de Buenos Aires;140;Capitán Sarmiento;135;20;155;39567;255;15933;23634;41;114;21268;18299;0;0;64;91;155;113;183;296;10653;15705;6311;5028;5340;15705;1043;5268;527;0;219;0
2002;Provincia de Buenos Aires;147;Carlos Casares;570;99;669;223282;334;78210;145072;209;458;144009;75888;0;0;291;217;508;453;317;770;23013;26949;18530;7270;"14159,5";24302;6683;"11846,8";"602,6";0;351;0
2002;Provincia de Buenos Aires;154;Carlos Tejedor;554;171;725;345381;476;91750;253631;212;508;198048;135683;0;0;389;185;574;565;315;880;23686;26022;38692;"8836,5";14565;22671;"6756,5";"31935,8";"481,7";0;487;0
2002;Provincia de Buenos Aires;161;Carmen de Areco;162;49;211;88478;419;21253;67225;78;133;57669;30809;0;0;218;172;390;276;236;512;14657;28052;14565;"6947,5";"7456,5";"27952,5";3603;"10961,5";420;0;252;0
2002;Provincia de Buenos Aires;168;Castelli;110;61;171;148514;869;24244;124270;48;122;90639;55525;0;0;140;62;202;210;119;329;5293;2696;11138;2387;2848;2116;"4354,8";6783;1424;0;196;0
2002;Provincia de Buenos Aires;210;Chacabuco;673;87;760;187538;247;77526;110013;244;512;104405;82624;0;0;602;110;712;830;193;1023;41796;78487;24015;"17463,1";"21012,7";"78413,1";3378;"20637,4";"852,4";0;338;0
2002;Provincia de Buenos Aires;218;Chascomús;540;194;734;333769;455;107647;226122;235;496;163176;169044;0;0;555;209;764;849;333;1182;12877;8771;26216;7932;4729;6499;4086;22130;"2899,8";0;598;0
2002;Provincia de Buenos Aires;224;Chivilcoy;606;93;699;203485;291;78751;124734;208;487;101522;100047;0;0;693;160;853;902;219;1121;55563;87290;19775;"16239,7";38908;"86280,9";"4229,5";15545;"1393,5";0;351;0
2002;Provincia de Buenos Aires;175;Colón;379;25;404;81222;201;41565;39657;132;268;46850;33723;0;0;189;47;236;252;57;309;25206;41937;9972;10034;14397;41920;"397,5";"9574,5";"112,5";0;131;0
2002;Provincia de Buenos Aires;182;Coronel de Marina Leonardo Rosales;81;55;136;104612;769;19821;84791;36;98;45782;51271;0;0;127;32;159;187;41;228;28276;0;27780;100;18758;0;14829;12951;"51,5";0;74;0
2002;Provincia de Buenos Aires;189;Coronel Dorrego;275;272;547;544227;995;61988;482239;166;370;290142;246060;0;0;310;127;437;618;261;879;213564;50586;91479;2745;140374;4540;"59795,2";31684;4038;0;389;0
2002;Provincia de Buenos Aires;196;Coronel Pringles;359;263;622;473821;762;80544;393277;183;433;225530;239863;0;0;380;119;499;755;271;1026;96112;41514;96904;2187;88833;"7869,5";33811;63093;191;0;496;0
2002;Provincia de Buenos Aires;203;Coronel Suárez;670;316;986;608598;617;112865;495733;234;741;297548;291439;0;0;669;225;894;1261;526;1787;169648;96585;158028;12324;"136187,5";"49553,4";41107;"116921,1";"240,5";0;942;0
2002;Provincia de Buenos Aires;231;Daireaux;415;137;552;303980;551;71384;232596;160;390;186615;111415;0;0;235;181;416;389;351;740;35391;43800;53602;13559;"20199,5";"32135,2";11721;"41880,8";3332;0;427;0
2002;Provincia de Buenos Aires;238;Dolores;106;57;163;134157;823;22162;111995;44;117;45576;88536;0;0;98;30;128;183;46;229;929;127;12943;677;50;60;261;12682;"1411,9";0;117;0
2002;Provincia de Buenos Aires;245;Ensenada;4;1;5;1684;337;1126;558;1;4;0;0;0;0;0;0;0;0;0;0;0;0;0;0;0;0;0;0;10;0;0;0
2002;Provincia de Buenos Aires;252;Escobar;151;1;152;2873;19;1699;1174;93;59;610;769;0;0;360;51;411;435;58;493;15;85;519;0;15;85;"241,7";"277,6";"240,6";0;255;0
2002;Provincia de Buenos Aires;260;Esteban Echeverría;8;0;8;467;58;467;0;2;4;0;91;0;0;15;0;15;15;2;17;0;0;0;0;0;0;0;0;"3,5";0;17;0
2002;Provincia de Buenos Aires;266;Exaltación de la Cruz;216;17;233;45091;194;19038;26053;74;159;29454;15637;0;0;453;114;567;541;147;688;11175;18426;6167;3316;7859;17388;1148;5019;"424,5";0;289;0
2002;Provincia de Buenos Aires;270;Ezeiza;20;2;22;2540;115;360;2180;10;12;104;243;0;0;17;23;40;47;31;78;78;0;240;78;0;0;90;150;0;0;40;0
2002;Provincia de Buenos Aires;274;Florencio Varela;188;0;188;3005;16;3005;0;23;164;692;1856;0;0;429;11;440;685;34;719;275;90;0;0;275;90;0;0;"4,3";0;198;0
2002;Provincia de Buenos Aires;277;Florentino Ameghino;102;80;182;161951;890;21793;140159;69;111;110130;49052;0;0;160;131;291;292;248;540;14676;20684;29677;"8682,5";5662;19364;8199;"21477,5";"1034,5";0;316;0
2002;Provincia de Buenos Aires;280;General Alvarado;144;65;209;132808;635;22005;110803;95;107;93509;34961;0;0;158;209;367;287;323;610;44164;22130;34670;"8398,7";"34478,8";"3571,9";"4970,6";"29699,7";1219;0;360;0
2002;Provincia de Buenos Aires;287;General Alvear;277;111;388;280863;724;49310;231553;108;279;151221;129512;0;0;291;147;438;430;217;647;7267;5248;25840;4763;1870;3937;"4123,5";"21716,3";"2252,4";0;330;0
2002;Provincia de Buenos Aires;294;General Arenales;557;73;630;134327;213;65034;69292;141;484;62487;68517;0;0;330;59;389;442;249;691;57611;71959;9056;21797;24104;"71958,5";"1439,5";"7616,5";"562,7";0;115;0
2002;Provincia de Buenos Aires;301;General Belgrano;209;85;294;164897;561;27551;137346;100;194;103458;61439;0;0;208;150;358;302;252;554;10894;7532;18609;"6462,5";4381;6191;2657;"15952,3";"777,5";0;259;0
2002;Provincia de Buenos Aires;308;General Guido;191;107;298;197039;661;43349;153690;73;224;78053;117023;0;0;175;46;221;298;128;426;2119;162;12551;1549;465;0;1086;"11464,5";573;0;238;0
2002;Provincia de Buenos Aires;315;General Juan Madariaga;221;128;349;249328;714;37422;211906;88;261;109025;140303;0;0;354;136;490;535;204;739;8982;4727;25644;4876;3830;"1379,5";"2839,5";22804;"5376,5";0;399;0
2002;Provincia de Buenos Aires;322;General La Madrid;209;180;389;329852;848;49162;280690;97;288;162198;166089;0;0;285;123;408;540;248;788;39960;32079;69581;3656;32875;12931;14151;55430;"149,5";0;463;0
2002;Provincia de Buenos Aires;329;General Las Heras;221;18;239;47456;199;32398;15058;91;147;26331;20859;0;0;203;73;276;296;123;419;1476;1119;6949;308;1168;1039;"1558,5";5390;"418,5";0;182;0
2002;Provincia de Buenos Aires;336;General Lavalle;99;104;203;227047;1118;21410;205637;65;137;138809;87733;0;0;124;121;245;190;188;378;602;130;10239;437;95;60;1485;8754;"3413,5";0;225;0
2002;Provincia de Buenos Aires;343;General Paz;351;47;398;99389;250;53637;45752;86;311;37171;62120;0;0;318;85;403;461;98;559;1639;1241;7512;837;782;"934,2";2314;"5197,5";42;0;241;0
2002;Provincia de Buenos Aires;351;General Pinto;264;98;362;239097;660;43205;195892;106;255;147172;90479;0;0;342;262;604;534;350;884;43927;57104;44954;"21159,5";"22517,5";"56942,5";10785;"34168,7";734;0;511;0
2002;Provincia de Buenos Aires;357;General Pueyrredón;390;66;456;113138;248;31928;81210;183;269;82671;29249;0;0;744;573;1317;1022;764;1786;28454;13863;26435;"7352,7";21101;"3426,5";4329;"22105,9";"1266,6";0;892;0
2002;Provincia de Buenos Aires;364;General Rodríguez;58;8;66;20775;315;7089;13686;31;35;14158;4986;0;0;78;86;164;120;180;300;2021;1306;5149;806;935;1196;992;4157;556;0;228;0
2002;Provincia de Buenos Aires;371;General San Martín;6;0;6;76;13;76;0;3;2;0;0;0;0;4;0;4;3;0;3;0;0;0;0;0;0;0;0;0;0;0;0
2002;Provincia de Buenos Aires;385;General Viamonte;376;84;460;163532;356;56534;106999;134;324;63269;87778;0;0;341;68;409;479;144;623;22843;46825;7313;7514;"10002,5";"46204,6";3054;4259;"956,7";0;227;0
2002;Provincia de Buenos Aires;392;General Villegas;509;278;787;595146;756;102471;492675;252;530;382697;206374;0;0;701;580;1281;1073;959;2032;92965;146084;163503;"41187,7";"49910,8";134520;29191;"134312,4";"979,6";0;1186;0
2002;Provincia de Buenos Aires;399;Guaminí;417;187;604;392614;650;78017;314597;152;443;190313;185793;0;0;380;155;535;618;356;974;81442;54999;147876;"10916,5";61838;27980;"50815,3";"97060,3";"2958,8";0;502;0
2002;Provincia de Buenos Aires;406;Hipólito Yrigoyen;272;68;340;130118;383;33039;97079;95;240;81955;48046;0;0;115;103;218;199;221;420;18039;18556;13670;7703;"10031,5";16302;4889;"8780,7";"1307,5";0;234;0
2002;Provincia de Buenos Aires;408;Hurlingham;0;0;0;0;0;0;0;0;0;0;0;0;0;0;0;0;0;0;0;0;0;0;0;0;0;0;0;0;0;0;0
2002;Provincia de Buenos Aires;410;Ituzaingó;0;0;0;0;0;0;0;0;0;0;0;0;0;0;0;0;0;0;0;0;0;0;0;0;0;0;0;0;0;0;0
2002;Provincia de Buenos Aires;412;"José C, Paz";23;0;23;75;3;75;0;0;23;0;75;0;0;31;0;31;64;0;64;0;0;0;0;0;0;0;0;"0,9";0;8;0
2002;Provincia de Buenos Aires;413;Junín;504;76;580;167733;289;76975;90758;157;419;90425;74748;0;0;583;113;696;771;184;955;42794;67949;15752;"14046,5";"19579,5";66892;2890;12862;"1644,8";0;265;0
2002;Provincia de Buenos Aires;420;La Costa;21;0;21;1439;69;1439;0;3;17;44;1386;0;0;15;5;20;17;18;35;0;0;0;0;0;0;0;0;112;0;16;0
2002;Provincia de Buenos Aires;427;La Matanza;71;1;72;20899;290;3965;16934;25;44;19156;1535;0;0;90;67;157;143;105;248;1062;509;3257;382;630;209;2997;"259,5";"90,6";0;119;0
2002;Provincia de Buenos Aires;434;Lanús;0;0;0;0;0;0;0;0;0;0;0;0;0;0;0;0;0;0;0;0;0;0;0;0;0;0;0;0;0;0;0
2002;Provincia de Buenos Aires;441;La Plata;1166;17;1183;43247;37;28170;15077;196;983;15634;26945;0;0;3320;378;3698;4050;586;4636;1208;1036;3058;"695,5";426;505;"1012,5";2045;"788,1";0;1329;0
2002;Provincia de Buenos Aires;448;Laprida;206;174;380;336780;886;42696;294083;108;265;161183;152388;0;0;256;81;337;482;187;669;18547;7378;54009;2099;15155;2896;12231;"41777,5";362;0;380;0
2002;Provincia de Buenos Aires;455;Las Flores;500;140;640;291235;455;74978;216257;192;445;148715;142241;0;0;448;100;548;732;190;922;8314;7239;24459;5182;"2958,5";"5030,5";2586;21873;"1142,5";0;378;0
2002;Provincia de Buenos Aires;462;"Leandro N, Alem";241;74;315;145897;463;36189;109709;71;243;75504;66678;0;0;274;87;361;394;167;561;33602;45673;16285;13517;"19100,5";"45672,5";6500;9785;"1602,5";0;345;0
2002;Provincia de Buenos Aires;466;Lezama;0;0;0;0;0;0;0;0;0;0;0;0;0;0;0;0;0;0;0;0;0;0;0;0;0;0;0;0;0;0;0
2002;Provincia de Buenos Aires;469;Lincoln;995;222;1217;561364;461;125008;436357;284;924;359670;195111;0;0;782;405;1187;1103;734;1837;69978;104164;89105;"27714,8";"40540,7";"98158,5";16588;"72516,5";"3085,5";0;981;0
2002;Provincia de Buenos Aires;476;Lobería;336;208;544;356304;655;67249;289054;228;310;238338;116092;0;0;348;343;691;707;600;1307;124508;73318;88247;"18961,7";"99681,9";9365;19833;"68413,6";"5164,4";0;709;0
2002;Provincia de Buenos Aires;483;Lobos;538;67;605;140638;232;65902;74736;202;401;86311;54207;0;0;727;214;941;973;264;1237;13491;17617;27176;6698;"6690,5";16422;3785;"23390,5";"967,5";0;458;0
2002;Provincia de Buenos Aires;490;Lomas de Zamora;2;0;2;515;258;515;0;0;0;0;0;0;0;0;44;44;0;49;49;15;0;77;0;15;0;"76,5";0;25;0;32;0
2002;Provincia de Buenos Aires;497;Luján;74;16;90;26861;298;12122;14739;36;52;13683;12784;0;0;89;81;170;129;125;254;6494;5065;7907;3155;3279;4282;"1503,5";"6403,3";"1030,5";0;148;0
2002;Provincia de Buenos Aires;505;Magdalena;436;93;529;179755;340;64211;115545;118;406;87982;88526;0;0;578;132;710;774;166;940;3812;1626;15972;"3587,5";"189,5";"353,5";"3739,5";"12232,5";"2679,9";0;337;0
2002;Provincia de Buenos Aires;511;Maipú;109;119;228;243932;1070;27200;216732;59;169;97367;146565;0;0;207;88;295;349;132;481;6080;3026;26208;3366;2714;556;"1885,5";24322;1006;0;251;0
2002;Provincia de Buenos Aires;515;Malvinas Argentinas;14;0;14;18;1;18;0;1;12;0;15;0;0;12;0;12;21;0;21;0;0;0;0;0;0;0;0;0;0;5;0
2002;Provincia de Buenos Aires;518;Mar Chiquita;251;138;389;302173;777;46446;255727;132;253;201337;91869;0;0;224;292;516;423;443;866;14524;4320;67526;8622;"5715,4";83;6067;61459;"1012,5";0;488;0
2002;Provincia de Buenos Aires;525;Marcos Paz;276;8;284;27975;99;18540;9435;75;207;9942;17830;0;0;377;144;521;525;332;857;2954;2529;4892;692;"2169,5";2269;2661;2231;"466,1";0;478;0
2002;Provincia de Buenos Aires;532;Mercedes;269;40;309;82472;267;37304;45168;92;217;43886;38586;0;0;404;124;528;502;185;687;8905;11840;13282;"3827,3";4860;"10484,5";"3763,5";"9518,5";"1008,3";0;308;0
2002;Provincia de Buenos Aires;539;Merlo;55;0;55;1124;20;1124;0;6;49;170;954;0;0;80;0;80;126;0;126;301;221;297;12;261;221;220;77;4;0;12;0
2002;Provincia de Buenos Aires;547;Monte;219;71;290;140841;486;37317;103524;92;195;87748;51926;0;0;307;203;510;382;298;680;8648;7743;23871;3832;4571;7407;"5551,8";18319;"1443,6";0;395;0
2002;Provincia de Buenos Aires;553;Monte Hermoso;1;3;4;19695;4924;220;19475;2;2;0;1640;0;0;2;2;4;3;16;19;0;0;7660;0;0;0;1240;6420;34;0;20;0
2002;Provincia de Buenos Aires;560;Moreno;105;0;105;397;4;397;0;13;91;41;329;0;0;221;13;234;236;12;248;0;0;0;0;0;0;0;0;0;0;27;0
2002;Provincia de Buenos Aires;568;Morón;0;0;0;0;0;0;0;0;0;0;0;0;0;0;0;0;0;0;0;0;0;0;0;0;0;0;0;0;0;0;0
2002;Provincia de Buenos Aires;574;Navarro;406;72;478;138702;290;61808;76895;134;341;60057;77070;0;0;679;110;789;884;181;1065;12285;17009;23190;"3867,5";8362;16714;5532;"17657,5";"366,5";0;399;0
2002;Provincia de Buenos Aires;581;Necochea;337;232;569;411192;723;70541;340652;176;386;208420;198368;0;0;476;172;648;758;291;1049;151151;103985;57515;"12342,5";"135586,5";"10283,5";15271;42244;3223;0;524;0
2002;Provincia de Buenos Aires;588;9 de julio;886;183;1069;373746;350;125619;248127;286;776;184120;182510;0;0;589;228;817;895;365;1260;43630;62994;38200;"15455,7";"25164,6";"60942,3";7350;30850;"1097,3";0;655;0
2002;Provincia de Buenos Aires;595;Olavarría;627;332;959;707953;738;120873;587080;266;686;372115;321293;0;0;729;223;952;1154;472;1626;47010;41892;83689;7975;"35427,5";"31682,5";"16650,5";"67038,5";"1179,6";0;840;0
2002;Provincia de Buenos Aires;602;Patagones;410;542;952;1271443;1336;92301;1179143;189;757;394208;861723;0;0;669;25;694;1329;85;1414;145991;2733;175393;397;130198;50;"134055,5";41337;"504779,1";0;441;0
2002;Provincia de Buenos Aires;609;Pehuajó;819;184;1003;496943;495;124109;372834;281;717;322044;172370;0;0;448;316;764;680;600;1280;68936;91685;54234;24395;"41131,5";84316;"7716,5";"46517,7";"4687,3";0;749;0
2002;Provincia de Buenos Aires;616;Pellegrini;123;70;193;149599;775;26231;123368;70;120;102701;44996;0;0;169;99;268;266;226;492;17740;29704;80227;"7939,8";8748;9365;"25229,3";"54997,7";696;0;281;0
2002;Provincia de Buenos Aires;623;Pergamino;983;133;1116;284387;255;134197;150190;392;711;168382;111729;0;0;689;249;938;944;326;1270;65628;174138;24606;"25223,5";"37236,3";"173809,5";3323;21283;"894,8";0;433;0
2002;Provincia de Buenos Aires;630;Pila;165;109;274;249420;910;33990;215431;93;181;154822;94599;0;0;179;89;268;285;150;435;2641;1576;13779;1214;1427;1446;832;12947;"318,5";0;217;0
2002;Provincia de Buenos Aires;638;Pilar;101;0;101;1622;16;1622;0;18;83;1003;618;0;0;325;95;420;403;108;511;120;95;545;25;95;95;6;"538,5";0;0;213;0
2002;Provincia de Buenos Aires;644;Pinamar;0;0;0;0;0;0;0;0;0;0;0;0;0;0;0;0;0;0;0;0;0;0;0;0;0;0;0;0;0;0;0
2002;Provincia de Buenos Aires;648;Presidente Perón;30;1;31;3100;100;2420;680;19;12;1254;883;0;0;33;9;42;46;14;60;650;675;262;0;650;675;4;258;0;0;14;0
2002;Provincia de Buenos Aires;651;Puán;569;313;882;545754;619;144759;400995;209;666;217903;323478;0;0;583;55;638;987;114;1101;113689;8174;118154;367;"88093,5";1941;70718;"47435,5";34595;0;299;0
2002;Provincia de Buenos Aires;655;Punta Indio;149;75;224;125628;561;25789;99839;81;142;61512;61116;0;0;181;78;259;305;103;408;742;35;3232;476;85;0;397;"2834,9";"2495,2";0;190;0
2002;Provincia de Buenos Aires;658;Quilmes;6;0;6;37;6;37;0;3;3;0;10;0;0;20;1;21;24;3;27;0;0;0;0;0;0;0;0;0;0;9;0
2002;Provincia de Buenos Aires;665;Ramallo;265;45;310;87999;284;37009;50990;90;220;50122;37877;0;0;267;33;300;348;46;394;20443;59636;2998;6879;13114;"59386,5";188;2810;3174;0;114;0
2002;Provincia de Buenos Aires;672;Rauch;652;192;844;358482;425;112542;245940;206;636;169373;188713;0;0;547;126;673;868;175;1043;5401;1962;26034;"2895,5";2048;394;4895;21139;"494,3";0;393;0
2002;Provincia de Buenos Aires;679;Rivadavia;393;194;587;364947;622;68880;296068;231;346;228845;121474;0;0;364;296;660;567;456;1023;49515;82015;93802;"28193,9";"20306,8";"58316,1";"26877,5";66924;"844,8";0;565;0
2002;Provincia de Buenos Aires;686;Rojas;493;90;583;183217;314;63832;119385;140;434;96601;81779;0;0;373;108;481;527;209;736;53080;92856;16878;"23447,4";"27365,2";"92846,2";1954;"14923,6";"446,2";0;268;0
2002;Provincia de Buenos Aires;693;Roque Pérez;387;68;455;135947;299;38799;97149;97;357;49325;86521;0;0;425;71;496;572;99;671;13219;14043;5676;"6100,7";"7051,3";"13719,5";"959,5";4716;1517;0;203;0
2002;Provincia de Buenos Aires;700;Saavedra;371;195;566;346156;612;85493;260663;127;436;141513;203839;0;0;349;92;441;635;181;816;91193;30638;92809;3650;"75675,5";8638;52780;40029;583;0;337;0
2002;Provincia de Buenos Aires;707;Saladillo;1148;96;1244;291436;234;110043;181393;260;978;164755;122166;0;0;978;175;1153;1254;278;1532;37904;54345;27693;15967;"21623,5";"49259,3";"2438,5";"25254,5";"1154,5";0;390;0
2002;Provincia de Buenos Aires;721;Salliqueló;171;38;209;139423;667;52138;87285;57;149;50870;37173;0;0;97;64;161;156;89;245;9799;5173;29718;2102;6768;1280;16898;"12819,5";26;0;122;0
2002;Provincia de Buenos Aires;714;Salto;447;69;516;90134;175;30520;59614;168;348;79663;59760;0;0;298;74;372;439;109;548;43598;81531;14071;"18849,5";23518;81508;"1255,5";12815;421;0;213;0
2002;Provincia de Buenos Aires;728;San Andrés de Giles;198;52;250;89309;357;29182;60127;77;170;43418;45639;0;0;277;116;393;425;128;553;24408;39024;5892;7288;17065;"37592,5";1692;4200;429;0;254;0
2002;Provincia de Buenos Aires;735;San Antonio de Areco;104;57;161;92604;575;15428;77177;73;86;56899;34980;0;0;190;199;389;224;320;544;28429;39696;13485;"13998,5";14024;"38807,5";"957,5";"12527,1";"239,5";0;345;0
2002;Provincia de Buenos Aires;742;San Cayetano;208;152;360;240195;667;45401;194794;89;271;95752;144443;0;0;301;44;345;535;117;652;79589;48945;32414;4621;"67020,5";"5968,5";8978;23436;1665;0;292;0
2002;Provincia de Buenos Aires;749;San Fernando;17;3;20;12269;613;2834;9435;5;15;0;2614;0;0;46;14;60;56;16;72;0;0;0;0;0;0;0;0;3886;0;20;0
2002;Provincia de Buenos Aires;756;San Isidro;9;0;9;3;0;3;0;6;3;2;0;0;0;2;1;3;2;2;4;0;0;0;0;0;0;0;0;0;0;3;0
2002;Provincia de Buenos Aires;760;San Miguel;0;0;0;0;0;0;0;0;0;0;0;0;0;0;0;0;0;0;0;0;0;0;0;0;0;0;0;0;0;0;0
2002;Provincia de Buenos Aires;763;San Nicolás;268;25;293;53105;181;32490;20615;71;219;23300;28854;0;0;307;25;332;406;58;464;14042;33686;2771;"5635,5";"7882,5";"33621,5";309;2462;"53,5";0;90;0
2002;Provincia de Buenos Aires;770;San Pedro;583;49;632;105145;166;50585;54561;178;450;61272;43145;0;0;664;224;888;894;299;1193;23209;52868;4607;"8113,3";"14439,3";"52496,6";566;"4040,5";"395,5";0;304;0
2002;Provincia de Buenos Aires;778;San Vicente;148;22;170;48383;285;26418;21965;40;130;15231;33152;0;0;209;53;262;299;73;372;0;0;1955;0;0;0;1193;762;370;0;152;0
2002;Provincia de Buenos Aires;784;Suipacha;215;39;254;87473;344;36440;51033;88;163;46317;37449;0;0;243;143;386;347;221;568;8604;12014;20630;"2792,5";"5624,5";11597;3146;17484;434;0;272;0
2002;Provincia de Buenos Aires;791;Tandil;417;242;659;442390;671;70534;371856;290;360;292329;141173;0;0;711;464;1175;1057;698;1755;109052;80238;110056;21728;"83920,1";53234;22179;87877;"2462,5";0;981;0
2002;Provincia de Buenos Aires;798;Tapalqué;207;164;371;270895;730;47545;223351;124;243;136168;126403;0;0;163;39;202;284;160;444;2864;1878;8671;1479;1330;1184;1590;7081;"966,6";0;301;0
2002;Provincia de Buenos Aires;805;Tigre;35;0;35;696;20;696;0;4;31;0;609;0;0;47;2;49;42;4;46;0;0;2;0;0;0;0;2;167;0;4;0
2002;Provincia de Buenos Aires;812;Tordillo;93;32;125;105546;844;15234;90312;33;92;63413;31494;0;0;87;65;152;105;89;194;426;55;9863;426;0;55;220;9643;47;0;102;0
2002;Provincia de Buenos Aires;819;Tornquist;258;234;492;400387;814;66178;334209;153;335;194112;188617;0;0;427;155;582;630;266;896;76510;10794;98827;1444;65451;1669;62214;36613;8934;0;318;0
2002;Provincia de Buenos Aires;826;Trenque Lauquen;267;185;452;407812;902;59304;348508;145;296;206017;180193;0;0;758;250;1008;1139;474;1613;73424;77696;168901;"36220,9";33123;"50462,1";"47740,4";121161;688;0;1086;0
2002;Provincia de Buenos Aires;833;Tres Arroyos;355;337;692;526636;761;75917;450719;250;433;282466;238338;0;0;632;159;791;1095;310;1405;208851;119079;113749;"14930,5";"161260,2";7342;"23981,5";"89767,3";"3049,5";0;718;0
2002;Provincia de Buenos Aires;840;Tres de Febrero;5;0;5;117;23;117;0;0;5;0;117;0;0;0;0;0;2;0;2;0;0;0;0;0;0;0;0;0;0;1;0
2002;Provincia de Buenos Aires;847;Tres Lomas;241;44;285;109675;385;43430;66245;70;212;56678;51510;0;0;153;53;206;262;109;371;13991;10896;47764;4587;7958;2888;14421;33343;143;0;167;0
2002;Provincia de Buenos Aires;854;25 de mayo;693;175;868;363368;419;96735;266632;203;660;180640;170417;0;0;676;218;894;1017;361;1378;42408;67052;40522;15024;"25139,5";63835;5971;34551;2503;0;594;0
2002;Provincia de Buenos Aires;861;Vicente López;4;0;4;1;0;1;0;2;2;0;0;0;0;1;0;1;1;0;1;0;0;0;0;0;0;0;0;0;0;0;0
2002;Provincia de Buenos Aires;868;Villa Gesell;3;0;3;6;2;6;0;0;3;0;6;0;0;0;0;0;2;0;2;0;0;0;0;0;0;0;0;0;0;1;0
2002;Provincia de Buenos Aires;875;Villarino;583;355;938;879258;937;104750;774508;192;736;409701;450228;0;0;874;143;1017;1402;335;1737;65831;3739;163786;1610;51288;205;77872;"85913,5";184106;0;689;0
2002;Provincia de Buenos Aires;882;Zárate;145;22;167;34959;209;11384;23576;61;106;21228;13731;0;0;193;122;315;264;160;424;7433;12789;3177;"2626,5";4633;"12616,5";418;"2758,5";"4456,3";0;202;0
1988;Provincia de Buenos Aires;6;Provincia de Buenos Aires;62205;13274;75479;27282510;361;7981871;19300639;24203;50602;14540405;12108104;0;0;0;0;0;0;0;0;3651208;2283645;5610541;"912300,5";"2257130,5";"1041462,6";"1829898,8";"3780641,9";0;0;181679;0
1988;Provincia de Buenos Aires;0;Adolfo Alsina;773;248;1021;476780;467;161126;315655;277;732;202673;264887;0;0;0;0;0;0;0;0;121346;37906;203110;5941;"92637,5";102;"102545,4";"100564,1";0;0;0;0
1988;Provincia de Buenos Aires;0;Adolfo Gonzales Chaves;350;177;527;334132;634;77695;256437;115;349;184858;148852;0;0;0;0;0;0;0;0;71588;31870;91828;2721;"55307,5";177;"20313,5";"71514,7";0;0;0;0
1988;Provincia de Buenos Aires;0;Alberti;413;29;442;99429;225;49360;24052;173;246;72355;26993;0;0;0;0;0;0;0;0;31322;22123;26839;"17337,5";13041;"17465,5";"2377,5";"24461,3";0;0;0;0
1988;Provincia de Buenos Aires;0;Almirante Brown;84;0;84;1245;15;854;0;0;71;435;811;0;0;0;0;0;0;0;0;0;0;83;0;0;0;22;"60,5";0;0;0;0
1988;Provincia de Buenos Aires;0;Arrecifes;0;0;0;0;0;0;0;0;0;0;0;0;0;0;0;0;0;0;0;0;0;0;0;0;0;0;0;0;0;0;0
1988;Provincia de Buenos Aires;0;Avellaneda;57;0;57;278;5;161;0;18;52;109;170;0;0;0;0;0;0;0;0;0;0;0;0;0;0;0;0;0;0;0;0
1988;Provincia de Buenos Aires;0;Ayacucho;827;344;1171;627694;536;153016;474679;393;771;351798;264430;0;0;0;0;0;0;0;0;14466;19248;107566;"7343,5";4707;120;"34007,3";"73558,4";0;0;0;0
1988;Provincia de Buenos Aires;0;Azul;718;338;1056;649413;615;137868;511545;391;648;346026;280986;0;0;0;0;0;0;0;0;62226;34932;100112;15507;41500;4991;"28724,5";"71387,5";0;0;0;0
1988;Provincia de Buenos Aires;0;Bahía Blanca;223;125;348;229382;659;45697;183686;147;192;128364;84255;0;0;0;0;0;0;0;0;34555;170;54789;0;28360;0;38901;15888;0;0;0;0
1988;Provincia de Buenos Aires;0;Balcarce;1139;208;1347;394978;293;119864;275115;489;838;244874;135040;0;0;0;0;0;0;0;0;58836;24646;115215;"12513,4";"38372,5";94;"26620,3";"88594,4";0;0;0;0
1988;Provincia de Buenos Aires;0;Baradero;340;34;374;85880;230;33049;35472;114;235;40215;41854;0;0;0;0;0;0;0;0;17698;26668;17062;9942;7471;20413;2483;"14578,7";0;0;0;0
1988;Provincia de Buenos Aires;0;Bartolomé Mitre;355;55;410;639;2;451;0;159;213;72980;30262;0;0;0;0;0;0;0;0;25017;54266;19623;11018;"13415,5";"51334,5";2296;"17327,2";0;0;0;0
1988;Provincia de Buenos Aires;0;Benito Juárez;497;255;752;103396;137;40559;49878;241;498;243852;248131;0;0;0;0;0;0;0;0;59281;25488;103699;6303;"46204,5";854;30276;"73422,5";0;0;0;0
1988;Provincia de Buenos Aires;0;Berazategui;214;0;214;505076;2360;99091;405985;41;172;3938;3901;0;0;0;0;0;0;0;0;332;206;200;306;24;0;130;70;0;0;0;0
1988;Provincia de Buenos Aires;0;Berisso;84;0;84;8349;99;4274;0;0;73;1542;3968;0;0;0;0;0;0;0;0;12;120;9;12;0;0;3;6;0;0;0;0
1988;Provincia de Buenos Aires;0;Bolívar;1698;206;1904;5567;3;1674;0;394;1442;216275;260807;0;0;0;0;0;0;0;0;14802;11376;47543;"6074,5";"6627,2";0;11477;"36065,7";0;0;0;0
1988;Provincia de Buenos Aires;0;Bragado;872;88;960;478219;498;200049;278170;257;669;108993;92251;0;0;0;0;0;0;0;0;50083;45183;48933;23749;15045;"33785,8";10173;38760;0;0;0;0
1988;Provincia de Buenos Aires;0;Brandsen;371;29;400;201314;503;98141;90732;140;274;52015;42608;0;0;0;0;0;0;0;0;470;335;15688;"311,5";130;0;8074;"7613,5";0;0;0;0
1988;Provincia de Buenos Aires;0;Campana;247;19;266;94623;356;50931;20134;60;180;32662;19154;0;0;0;0;0;0;0;0;1441;2428;2463;"784,5";"523,9";1046;"1013,5";1449;0;0;0;0
1988;Provincia de Buenos Aires;0;Cañuelas;470;50;520;56387;108;20041;20109;164;347;55633;47175;0;0;0;0;0;0;0;0;4397;2390;13426;3166;975;25;5955;7471;0;0;0;0
1988;Provincia de Buenos Aires;0;Capitán Sarmiento;221;22;243;104287;429;55084;49202;85;172;26807;25491;0;0;0;0;0;0;0;0;13822;16246;19602;7846;5235;"13575,3";"2119,5";17482;0;0;0;0
1988;Provincia de Buenos Aires;0;Carlos Casares;910;95;1005;52913;53;24747;15696;250;709;141699;90541;0;0;0;0;0;0;0;0;14997;10547;36291;8115;"4920,5";"3685,5";"11205,5";"25085,6";0;0;0;0
1988;Provincia de Buenos Aires;0;Carlos Tejedor;660;182;842;237499;282;102683;85853;299;533;210828;147301;0;0;0;0;0;0;0;0;12977;8000;68357;6032;3610;1487;"12227,5";"56129,5";0;0;0;0
1988;Provincia de Buenos Aires;0;Carmen de Areco;204;37;241;372281;1545;100801;271480;75;139;51509;22684;0;0;0;0;0;0;0;0;11853;13595;16688;"5819,5";5841;12109;"4700,5";"11987,5";0;0;0;0
1988;Provincia de Buenos Aires;0;Castelli;282;87;369;75763;205;24217;37144;98;240;142779;75031;0;0;0;0;0;0;0;0;3574;9215;33912;"2383,5";1090;0;"7349,2";"26563,2";0;0;0;0
1988;Provincia de Buenos Aires;0;Chacabuco;1312;88;1400;232381;166;35838;196543;430;974;120281;95909;0;0;0;0;0;0;0;0;62077;53981;47690;"38419,2";"22777,3";"51460,3";"6169,5";"41520,8";0;0;0;0
1988;Provincia de Buenos Aires;0;Chascomús;801;208;1009;217495;216;103877;80986;342;657;178957;184316;0;0;0;0;0;0;0;0;8189;7147;49451;"6672,2";"774,6";276;"12834,1";"36616,6";0;0;0;0
1988;Provincia de Buenos Aires;0;Chivilcoy;1004;64;1068;384707;360;131877;252831;366;715;96945;76779;0;0;0;0;0;0;0;0;49352;40742;51869;25981;"22527,2";"32798,8";"7596,5";"44272,8";0;0;0;0
1988;Provincia de Buenos Aires;0;Colón;508;29;537;175470;327;93564;62307;158;362;53284;33431;0;0;0;0;0;0;0;0;36475;33201;23478;"16050,4";"19822,5";32823;"1189,5";"22288,4";0;0;0;0
1988;Provincia de Buenos Aires;0;Coronel de Marina Leonardo Rosales;113;37;150;86734;578;47819;9838;67;93;61857;33950;0;0;0;0;0;0;0;0;22204;0;33334;0;18198;0;18599;14735;0;0;0;0
1988;Provincia de Buenos Aires;0;Coronel Dorrego;498;309;807;98471;122;27821;22381;276;540;232647;251167;0;0;0;0;0;0;0;0;155797;40039;99641;4247;"109254,3";415;55340;44301;0;0;0;0
1988;Provincia de Buenos Aires;0;Coronel Pringles;527;279;806;502302;623;126201;283031;223;569;236041;255540;0;0;0;0;0;0;0;0;102800;30145;100845;3106;"79834,5";116;39763;"61081,5";0;0;0;0
1988;Provincia de Buenos Aires;0;Coronel Suárez;964;279;1243;513035;413;111481;401554;317;910;282570;272031;0;0;0;0;0;0;0;0;130754;63698;126803;8038;"110429,7";785;48182;"78620,6";0;0;0;0
1988;Provincia de Buenos Aires;0;Daireaux;591;166;757;587661;776;151319;436342;257;491;191872;140544;0;0;0;0;0;0;0;0;21729;13940;81654;"3792,5";15054;90;"19962,5";"61691,9";0;0;0;0
1988;Provincia de Buenos Aires;0;Dolores;314;81;395;343138;869;89471;253667;101;287;101376;66429;0;0;0;0;0;0;0;0;1785;467;5833;"1558,5";150;100;1427;"4405,5";0;0;0;0
1988;Provincia de Buenos Aires;0;Ensenada;14;0;14;171365;12240;47153;124212;0;16;1467;1457;0;0;0;0;0;0;0;0;0;0;0;0;0;0;0;0;0;0;0;0
1988;Provincia de Buenos Aires;0;Escobar;425;0;425;2933;7;1345;0;46;370;2017;6909;0;0;0;0;0;0;0;0;0;160;49;0;0;160;"20,5";28;0;0;0;0
1988;Provincia de Buenos Aires;0;Esteban Echeverría;149;0;149;9868;66;6903;0;49;111;5441;6310;0;0;0;0;0;0;0;0;341;291;1262;"117,5";131;0;442;820;0;0;0;0
1988;Provincia de Buenos Aires;0;Exaltación de la Cruz;576;14;590;12671;21;8075;0;118;404;16528;28984;0;0;0;0;0;0;0;0;7048;8356;10557;"3474,5";2747;4444;"3202,7";"7353,9";0;0;0;0
1988;Provincia de Buenos Aires;0;Ezeiza;0;0;0;45517;0;33096;12421;0;0;0;0;0;0;0;0;0;0;0;0;0;0;0;0;0;0;0;0;0;0;0;0
1988;Provincia de Buenos Aires;0;Florencio Varela;588;0;588;0;0;0;0;129;468;3599;7308;0;0;0;0;0;0;0;0;159;83;900;"49,5";105;0;"307,5";"592,6";0;0;0;0
1988;Provincia de Buenos Aires;0;Florentino Ameghino;0;0;0;10908;0;8053;0;0;0;0;0;0;0;0;0;0;0;0;0;0;0;0;0;0;0;0;0;0;0;0;0
1988;Provincia de Buenos Aires;0;General Alvarado;631;68;699;0;0;0;0;202;495;92783;55965;0;0;0;0;0;0;0;0;39694;13082;57729;"9844,5";"27512,3";62;10984;"46744,6";0;0;0;0
1988;Provincia de Buenos Aires;0;General Alvear;339;111;450;153057;340;45463;71283;50;312;144403;114698;0;0;0;0;0;0;0;0;7359;2102;24898;5360;236;172;"4266,5";20631;0;0;0;0
1988;Provincia de Buenos Aires;0;General Arenales;827;47;874;259594;297;55275;204319;264;610;65145;68981;0;0;0;0;0;0;0;0;65516;55322;20289;"34091,6";30870;"53584,4";3932;"16356,5";0;0;0;0
1988;Provincia de Buenos Aires;0;General Belgrano;302;99;401;137262;342;57447;26375;123;275;95690;95143;0;0;0;0;0;0;0;0;7313;7047;21856;"4820,9";1720;704;4285;17571;0;0;0;0
1988;Provincia de Buenos Aires;0;General Guido;268;117;385;192741;501;35007;157734;119;263;102475;114210;0;0;0;0;0;0;0;0;2335;1584;11294;"2155,5";40;0;3177;8117;0;0;0;0
1988;Provincia de Buenos Aires;0;General Juan Madariaga;355;145;500;218965;438;57174;161791;122;328;147722;128137;0;0;0;0;0;0;0;0;6073;1271;26024;"4523,5";1188;0;"7099,5";18924;0;0;0;0
1988;Provincia de Buenos Aires;0;General La Madrid;399;225;624;280497;450;51345;229152;180;420;187457;216637;0;0;0;0;0;0;0;0;39129;19866;95959;2439;30359;40;18385;"77573,5";0;0;0;0
1988;Provincia de Buenos Aires;0;General Las Heras;354;22;376;421592;1121;76777;344815;142;234;31039;31006;0;0;0;0;0;0;0;0;2084;1149;7353;"1201,5";651;340;2852;4501;0;0;0;0
1988;Provincia de Buenos Aires;0;General Lavalle;122;90;212;62045;293;42094;19951;61;147;140926;83032;0;0;0;0;0;0;0;0;1064;370;11033;"964,3";100;0;2552;"8480,9";0;0;0;0
1988;Provincia de Buenos Aires;0;General Paz;496;28;524;224615;429;25889;197380;153;377;45212;53539;0;0;0;0;0;0;0;0;3082;1916;12450;2013;534;85;5390;"7060,4";0;0;0;0
1988;Provincia de Buenos Aires;0;General Pinto;617;184;801;99673;124;58363;20730;297;494;283997;124140;0;0;0;0;0;0;0;0;49060;49294;166933;"16854,5";"20702,2";"24165,5";"41653,4";"125279,7";0;0;0;0
1988;Provincia de Buenos Aires;0;General Pueyrredón;651;48;699;412387;590;78854;333533;218;484;83688;43308;0;0;0;0;0;0;0;0;22322;6622;44395;5527;15250;40;"9825,6";"34569,2";0;0;0;0
1988;Provincia de Buenos Aires;0;General Rodríguez;208;5;213;128736;604;45128;44352;52;139;14838;9429;0;0;0;0;0;0;0;0;1788;668;5387;868;607;245;1660;"3726,5";0;0;0;0
1988;Provincia de Buenos Aires;0;General San Martín;0;0;0;30710;0;15889;3001;0;0;0;3;0;0;0;0;0;0;0;0;0;0;0;0;0;0;0;0;0;0;0;0
1988;Provincia de Buenos Aires;0;General Sarmiento;173;0;173;3;0;0;0;30;143;139;462;0;0;0;0;0;0;0;0;5;0;4;5;0;0;2;2;0;0;0;0
1988;Provincia de Buenos Aires;0;General Viamonte;862;86;948;208676;220;85751;88865;305;645;112386;91079;0;0;0;0;0;0;0;0;36215;37188;40267;19143;14479;"27888,2";9411;"30855,5";0;0;0;0
1988;Provincia de Buenos Aires;0;General Villegas;886;320;1206;656740;545;147873;508867;382;808;375575;270410;0;0;0;0;0;0;0;0;97499;84272;268906;"31901,6";"48705,5";"39090,7";"60476,9";"208429,2";0;0;0;0
1988;Provincia de Buenos Aires;0;Guaminí;507;151;658;348305;529;90580;257725;199;455;174737;170889;0;0;0;0;0;0;0;0;52351;22777;134226;7843;34873;25;"47857,5";86368;0;0;0;0
1988;Provincia de Buenos Aires;0;Hipólito Yrigoyen;361;72;433;153185;354;44612;108572;137;277;91253;54101;0;0;0;0;0;0;0;0;6837;3372;22685;4201;1740;10;6785;"15899,8";0;0;0;0
1988;Provincia de Buenos Aires;0;Hurlingham;0;0;0;0;0;0;0;0;0;0;0;0;0;0;0;0;0;0;0;0;0;0;0;0;0;0;0;0;0;0;0
1988;Provincia de Buenos Aires;0;Ituzaingó;0;0;0;0;0;0;0;0;0;0;0;0;0;0;0;0;0;0;0;0;0;0;0;0;0;0;0;0;0;0;0
1988;Provincia de Buenos Aires;0;"José C, Paz";0;0;0;0;0;0;0;0;0;0;0;0;0;0;0;0;0;0;0;0;0;0;0;0;0;0;0;0;0;0;0
1988;Provincia de Buenos Aires;0;Junín;1013;76;1089;201352;185;109026;46574;370;710;108568;88210;0;0;0;0;0;0;0;0;69174;65133;36634;34845;"32523,5";61461;10279;"26355,2";0;0;0;0
1988;Provincia de Buenos Aires;0;La Costa;6;3;9;5526;614;1043;2515;3;12;572;4954;0;0;0;0;0;0;0;0;100;0;3;100;0;0;3;0;0;0;0;0
1988;Provincia de Buenos Aires;0;La Matanza;166;0;166;4561;27;2172;0;27;142;1303;3258;0;0;0;0;0;0;0;0;433;119;423;"19,7";"408,5";50;"287,3";136;0;0;0;0
1988;Provincia de Buenos Aires;0;Lanús;0;0;0;0;0;0;0;0;0;0;0;0;0;0;0;0;0;0;0;0;0;0;0;0;0;0;0;0;0;0;0
1988;Provincia de Buenos Aires;0;La Plata;1191;12;1203;42135;35;29177;12958;234;960;15548;26268;0;0;0;0;0;0;0;0;674;510;4937;384;285;185;"2652,6";"2283,9";0;0;0;0
1988;Provincia de Buenos Aires;0;Laprida;247;178;425;298612;703;57800;240812;134;291;135359;139393;0;0;0;0;0;0;0;0;18724;6356;60800;713;15432;25;20061;40739;0;0;0;0
1988;Provincia de Buenos Aires;0;Las Flores;631;105;736;321344;437;92581;116952;256;538;193778;125421;0;0;0;0;0;0;0;0;8602;4885;27376;8130;126;220;3880;"23495,5";0;0;0;0
1988;Provincia de Buenos Aires;0;"Leandro N, Alem";435;45;480;130261;271;54199;65658;120;338;71524;58642;0;0;0;0;0;0;0;0;23797;19012;56273;"12645,5";7800;14281;"21585,5";"34687,5";0;0;0;0
1988;Provincia de Buenos Aires;0;Lezama;0;0;0;0;0;0;0;0;0;0;0;0;0;0;0;0;0;0;0;0;0;0;0;0;0;0;0;0;0;0;0
1988;Provincia de Buenos Aires;0;Lincoln;1311;234;1545;555547;360;147929;407618;474;1051;347001;192550;0;0;0;0;0;0;0;0;73100;63750;158788;29218;30586;31599;"37564,5";"121223,4";0;0;0;0
1988;Provincia de Buenos Aires;0;Lobería;752;235;987;392338;398;112047;280291;367;612;222943;161119;0;0;0;0;0;0;0;0;110676;70776;118013;"12147,2";"84085,5";664;"37556,3";"80456,3";0;0;0;0
1988;Provincia de Buenos Aires;0;Lobos;929;42;971;155982;161;82818;29966;260;671;79834;75746;0;0;0;0;0;0;0;0;12324;10386;28742;"10436,5";"1096,5";1543;7209;"21533,1";0;0;0;0
1988;Provincia de Buenos Aires;0;Lomas de Zamora;0;0;0;656;0;0;0;0;0;0;0;0;0;0;0;0;0;0;0;40;0;30;10;30;0;0;30;0;0;0;0
1988;Provincia de Buenos Aires;0;Luján;414;17;431;62844;146;34404;11886;163;271;36535;25624;0;0;0;0;0;0;0;0;8467;6386;15133;"4587,1";"3073,4";"2475,8";"3596,1";11537;0;0;0;0
1988;Provincia de Buenos Aires;0;Magdalena;875;159;1034;311754;302;117594;162761;331;704;157847;151161;0;0;0;0;0;0;0;0;3856;5105;23651;"2581,5";"1024,5";257;"10488,3";"13162,8";0;0;0;0
1988;Provincia de Buenos Aires;0;Maipú;184;132;316;261111;826;37448;223664;87;191;135278;115717;0;0;0;0;0;0;0;0;2639;1350;28495;"2373,5";135;0;"4222,5";24272;0;0;0;0
1988;Provincia de Buenos Aires;0;Malvinas Argentinas;0;0;0;0;0;0;0;0;0;0;0;0;0;0;0;0;0;0;0;0;0;0;0;0;0;0;0;0;0;0;0
1988;Provincia de Buenos Aires;0;Mar Chiquita;354;149;503;323737;644;52429;271308;198;301;222373;98949;0;0;0;0;0;0;0;0;9731;9841;56198;6154;2897;0;"11743,9";"44454,3";0;0;0;0
1988;Provincia de Buenos Aires;0;Marcos Paz;334;10;344;30954;90;23096;7838;120;224;16534;14420;0;0;0;0;0;0;0;0;828;681;6610;473;"296,5";45;"3615,3";"2994,6";0;0;0;0
1988;Provincia de Buenos Aires;0;Mercedes;643;28;671;91578;136;55654;19002;202;471;51593;39189;0;0;0;0;0;0;0;0;5795;8562;20896;"3600,8";2103;3511;"4982,5";"15913,2";0;0;0;0
1988;Provincia de Buenos Aires;0;Merlo;157;0;157;2245;14;1879;0;0;139;428;1816;0;0;0;0;0;0;0;0;17;0;112;5;5;0;28;84;0;0;0;0
1988;Provincia de Buenos Aires;0;Monte;330;89;419;163623;391;48071;115552;147;267;88182;71394;0;0;0;0;0;0;0;0;6480;7094;31022;"4684,5";1453;563;5813;25209;0;0;0;0
1988;Provincia de Buenos Aires;0;Monte Hermoso;0;0;0;15051;0;0;0;4;0;15051;0;0;0;0;0;0;0;0;0;0;0;6095;0;0;0;70;6025;0;0;0;0
1988;Provincia de Buenos Aires;0;Moreno;169;0;169;2421;14;2136;0;32;136;992;1345;0;0;0;0;0;0;0;0;3;65;54;3;0;0;15;39;0;0;0;0
1988;Provincia de Buenos Aires;0;Morón;0;0;0;4;0;4;0;0;0;2;2;0;0;0;0;0;0;0;0;0;0;0;0;0;0;0;0;0;0;0;0
1988;Provincia de Buenos Aires;0;Navarro;571;48;619;143287;231;71135;33575;183;425;60454;81411;0;0;0;0;0;0;0;0;14329;13137;33643;8751;4328;5626;"10283,5";"23359,5";0;0;0;0
1988;Provincia de Buenos Aires;0;Necochea;483;218;701;388691;554;95816;292876;260;438;226629;159814;0;0;0;0;0;0;0;0;130003;79234;67375;8895;99262;842;"20868,5";"46506,8";0;0;0;0
1988;Provincia de Buenos Aires;0;9 de julio;1270;165;1435;408614;285;148478;171839;440;1012;214019;192018;0;0;0;0;0;0;0;0;41391;39878;88533;22419;16925;"23304,5";19608;"68924,5";0;0;0;0
1988;Provincia de Buenos Aires;0;Olavarría;801;348;1149;712420;620;144148;568272;350;778;358677;324787;0;0;0;0;0;0;0;0;35816;15942;142993;"6918,7";"23026,2";"590,4";34684;"108309,3";0;0;0;0
1988;Provincia de Buenos Aires;0;Patagones;496;577;1073;1243315;1159;113430;1129886;291;745;573265;668344;0;0;0;0;0;0;0;0;137351;0;116229;331;"125020,5";0;84035;"32194,2";0;0;0;0
1988;Provincia de Buenos Aires;0;Pehuajó;1082;190;1272;426622;335;144851;281771;373;873;245648;157991;0;0;0;0;0;0;0;0;10538;7406;44950;"5900,5";3278;1181;"15103,7";"29846,2";0;0;0;0
1988;Provincia de Buenos Aires;0;Pellegrini;196;78;274;171699;627;39639;70034;106;168;97612;67353;0;0;0;0;0;0;0;0;12987;12304;62308;5095;4783;193;25309;"36998,5";0;0;0;0
1988;Provincia de Buenos Aires;0;Pergamino;1498;102;1600;285549;178;174391;90063;649;951;174373;107930;0;0;0;0;0;0;0;0;97966;134694;53487;"36499,7";"59410,8";"127416,4";"4243,8";49243;0;0;0;0
1988;Provincia de Buenos Aires;0;Pila;246;122;368;271482;738;43607;227875;43;263;133955;137497;0;0;0;0;0;0;0;0;1925;1315;15798;"1550,5";194;0;"3443,5";12354;0;0;0;0
1988;Provincia de Buenos Aires;0;Pilar;518;0;518;15754;30;13993;0;151;377;7355;7976;0;0;0;0;0;0;0;0;845;668;3075;"253,8";"445,5";419;"1229,1";"1845,5";0;0;0;0
1988;Provincia de Buenos Aires;0;Pinamar;0;0;0;0;0;0;0;0;0;0;0;0;0;0;0;0;0;0;0;0;0;0;0;0;0;0;0;0;0;0;0
1988;Provincia de Buenos Aires;0;Presidente Perón;0;0;0;0;0;0;0;0;0;0;0;0;0;0;0;0;0;0;0;0;0;0;0;0;0;0;0;0;0;0;0
1988;Provincia de Buenos Aires;0;Puán;854;285;1139;528145;464;192660;261224;357;785;243748;275529;0;0;0;0;0;0;0;0;114593;11233;119428;"460,5";"96798,3";27;67333;"52095,2";0;0;0;0
1988;Provincia de Buenos Aires;0;Punta Indio;0;0;0;0;0;0;0;0;0;0;0;0;0;0;0;0;0;0;0;0;0;0;0;0;0;0;0;0;0;0;0
1988;Provincia de Buenos Aires;0;Quilmes;0;0;0;0;0;0;0;0;0;0;0;0;0;0;0;0;0;0;0;0;0;0;0;0;0;0;0;0;0;0;0
1988;Provincia de Buenos Aires;0;Ramallo;465;33;498;87459;176;51013;36446;177;293;54507;31128;0;0;0;0;0;0;0;0;16498;52896;6842;"4984,5";"11326,5";"51930,2";"840,2";"6002,1";0;0;0;0
1988;Provincia de Buenos Aires;0;Rauch;774;197;971;392035;404;126588;265447;250;716;157782;233414;0;0;0;0;0;0;0;0;7354;5778;43513;5432;885;0;"10444,5";33068;0;0;0;0
1988;Provincia de Buenos Aires;0;Rivadavia;503;182;685;367566;537;80478;287088;247;428;225475;132650;0;0;0;0;0;0;0;0;53145;34305;163175;"28447,7";17314;5680;"57782,3";"105392,8";0;0;0;0
1988;Provincia de Buenos Aires;0;Rojas;868;64;932;173376;186;80400;39812;320;613;96707;76266;0;0;0;0;0;0;0;0;69031;63730;41523;"33699,8";"34525,9";"62421,2";"4930,5";"36592,8";0;0;0;0
1988;Provincia de Buenos Aires;0;Roque Pérez;590;63;653;143341;220;53352;55659;133;501;69472;73844;0;0;0;0;0;0;0;0;14627;6424;12598;13117;1045;1013;3772;"8826,2";0;0;0;0
1988;Provincia de Buenos Aires;0;Saavedra;496;182;678;335188;494;107518;176663;189;465;140757;193690;0;0;0;0;0;0;0;0;89318;30016;92011;974;77628;328;"48549,5";"43461,5";0;0;0;0
1988;Provincia de Buenos Aires;0;Saladillo;1205;75;1280;233531;182;106565;75183;323;944;117674;112049;0;0;0;0;0;0;0;0;19080;11610;16814;"16376,5";1735;"2809,5";"3534,7";"13278,8";0;0;0;0
1988;Provincia de Buenos Aires;0;Salliqueló;244;37;281;87011;310;39342;47669;75;198;38281;43337;0;0;0;0;0;0;0;0;11094;6628;58790;1955;"5820,5";0;"33464,7";"25325,5";0;0;0;0
1988;Provincia de Buenos Aires;0;Salto;693;46;739;154940;210;75102;31365;314;448;94689;59674;0;0;0;0;0;0;0;0;65214;77482;25687;"32415,3";"30806,2";"72585,5";4032;"21655,2";0;0;0;0
1988;Provincia de Buenos Aires;0;San Andrés de Giles;387;29;416;72017;173;37392;19868;144;256;39936;30299;0;0;0;0;0;0;0;0;15272;20467;12785;"9892,5";"5123,5";14033;2026;"10758,6";0;0;0;0
1988;Provincia de Buenos Aires;0;San Antonio de Areco;242;46;288;89987;312;32739;39478;87;163;52452;36122;0;0;0;0;0;0;0;0;20118;23727;27828;12703;"6809,5";"18149,5";5924;"21903,5";0;0;0;0
1988;Provincia de Buenos Aires;0;San Cayetano;410;151;561;273819;488;87430;186389;116;401;116171;157568;0;0;0;0;0;0;0;0;87054;53863;51543;5628;"60533,5";412;"18757,5";"32785,8";0;0;0;0
1988;Provincia de Buenos Aires;0;San Fernando;145;3;148;20814;141;10624;0;56;100;14334;5581;0;0;0;0;0;0;0;0;0;0;0;0;0;0;0;0;0;0;0;0
1988;Provincia de Buenos Aires;0;San Isidro;7;0;7;6;1;6;0;0;7;6;1;0;0;0;0;0;0;0;0;0;0;0;0;0;0;0;0;0;0;0;0
1988;Provincia de Buenos Aires;0;San Miguel;0;0;0;0;0;0;0;0;0;0;0;0;0;0;0;0;0;0;0;0;0;0;0;0;0;0;0;0;0;0;0
1988;Provincia de Buenos Aires;0;San Nicolás;434;14;448;53721;120;42282;11440;162;273;29905;23808;0;0;0;0;0;0;0;0;13409;32129;5324;"3907,5";"9267,5";"31528,5";"549,5";"4774,5";0;0;0;0
1988;Provincia de Buenos Aires;0;San Pedro;1056;41;1097;113356;103;68502;44854;439;648;62058;48825;0;0;0;0;0;0;0;0;13648;45583;11731;"4987,7";8165;"42712,6";"1902,2";"9829,1";0;0;0;0
1988;Provincia de Buenos Aires;0;San Vicente;253;23;276;53193;193;33337;19856;54;192;24515;28164;0;0;0;0;0;0;0;0;853;415;5088;635;60;110;3013;2075;0;0;0;0
1988;Provincia de Buenos Aires;0;Suipacha;333;24;357;113731;319;47906;65825;118;212;81569;30500;0;0;0;0;0;0;0;0;11143;10039;26378;6972;"3864,5";6111;"6335,8";20042;0;0;0;0
1988;Provincia de Buenos Aires;0;Tandil;822;273;1095;477024;436;116200;360824;445;633;294859;164924;0;0;0;0;0;0;0;0;105208;53944;130844;"26409,5";69475;4450;"40690,3";"90153,5";0;0;0;0
1988;Provincia de Buenos Aires;0;Tapalqué;394;181;575;403599;702;71965;331634;186;372;235633;145673;0;0;0;0;0;0;0;0;3982;2622;31569;2280;567;0;4465;27104;0;0;0;0
1988;Provincia de Buenos Aires;0;Tigre;135;0;135;3043;23;1774;0;27;112;397;2645;0;0;0;0;0;0;0;0;0;0;1;0;0;0;1;0;0;0;0;0
1988;Provincia de Buenos Aires;0;Tordillo;89;25;114;83563;733;10645;61086;10;116;55258;23823;0;0;0;0;0;0;0;0;46;0;2457;46;0;0;"192,1";2265;0;0;0;0
1988;Provincia de Buenos Aires;0;Tornquist;391;232;623;430354;691;98488;331866;222;396;214031;192844;0;0;0;0;0;0;0;0;89264;8331;89976;666;80517;264;60088;29888;0;0;0;0
1988;Provincia de Buenos Aires;0;Trenque Lauquen;563;259;822;509010;619;111264;397747;284;524;248607;246352;0;0;0;0;0;0;0;0;19344;9267;124558;"11473,5";3851;820;"47944,5";"76613,8";0;0;0;0
1988;Provincia de Buenos Aires;0;Tres Arroyos;681;361;1042;556837;534;150196;406641;332;703;267574;284460;0;0;0;0;0;0;0;0;181833;95904;140175;9794;116670;225;"40771,5";99403;0;0;0;0
1988;Provincia de Buenos Aires;0;Tres de Febrero;5;0;5;6;1;6;0;0;0;3;3;0;0;0;0;0;0;0;0;10080;0;0;"2617,4";3963;0;0;0;0;0;0;0
1988;Provincia de Buenos Aires;0;Tres Lomas;331;54;385;120426;313;49831;58448;124;258;61519;49301;0;0;0;0;0;0;0;0;0;6062;53948;0;0;61;"24240,5";29707;0;0;0;0
1988;Provincia de Buenos Aires;0;25 de mayo;948;197;1145;398667;348;120253;278414;345;794;213382;177636;0;0;0;0;0;0;0;0;33741;26783;69304;21283;8928;"10065,5";"15681,5";"53622,6";0;0;0;0
1988;Provincia de Buenos Aires;0;Vicente López;0;0;0;0;0;0;0;0;0;0;0;0;0;0;0;0;0;0;0;0;0;0;0;0;0;0;0;0;0;0;0
1988;Provincia de Buenos Aires;0;Villa Gesell;0;0;0;0;0;0;0;0;0;0;0;0;0;0;0;0;0;0;0;0;0;0;0;0;0;0;0;0;0;0;0
1988;Provincia de Buenos Aires;0;Villarino;982;365;1347;911067;676;149824;761243;392;949;544240;355645;0;0;0;0;0;0;0;0;74839;4;180896;1841;61142;4;"97213,2";"83683,2";0;0;0;0
1988;Provincia de Buenos Aires;0;Zárate;492;11;503;62749;125;33264;7734;152;357;34477;24934;0;0;0;0;0;0;0;0;8308;12162;5291;"4316,5";3518;"8085,5";"1486,5";"3804,2";0;0;0;0
1988;Provincia de Buenos Aires;0;Indeterminado;0;6;6;12901;2150;0;7236;0;0;9595;3306;0;0;0;0;0;0;0;0;988;555;3708;640;348;0;848;2860;0;0;0;0
